{
  "Get list of questions" : {
    "transaction" : "Get list of questions",
    "sampleCount" : 1,
    "errorCount" : 0,
    "errorPct" : 0.0,
    "meanResTime" : 43.0,
    "minResTime" : 43.0,
    "maxResTime" : 43.0,
    "pct1ResTime" : 43.0,
    "pct2ResTime" : 43.0,
    "pct3ResTime" : 43.0,
    "throughput" : 23.25581395348837,
    "receivedKBytesPerSec" : 356.4907340116279,
    "sentKBytesPerSec" : 17.64625726744186
  },
  "Write quiz answers" : {
    "transaction" : "Write quiz answers",
    "sampleCount" : 1,
    "errorCount" : 0,
    "errorPct" : 0.0,
    "meanResTime" : 5783.0,
    "minResTime" : 5783.0,
    "maxResTime" : 5783.0,
    "pct1ResTime" : 5783.0,
    "pct2ResTime" : 5783.0,
    "pct3ResTime" : 5783.0,
    "throughput" : 0.17292062943109116,
    "receivedKBytesPerSec" : 0.06619617845408957,
    "sentKBytesPerSec" : 0.13424990273214593
  },
  "Login as teacher" : {
    "transaction" : "Login as teacher",
    "sampleCount" : 2,
    "errorCount" : 0,
    "errorPct" : 0.0,
    "meanResTime" : 241.0,
    "minResTime" : 223.0,
    "maxResTime" : 259.0,
    "pct1ResTime" : 259.0,
    "pct2ResTime" : 259.0,
    "pct3ResTime" : 259.0,
    "throughput" : 0.13952839402818473,
    "receivedKBytesPerSec" : 0.19866445165341148,
    "sentKBytesPerSec" : 0.01812234023998884
  },
  "Start quiz by qrcode" : {
    "transaction" : "Start quiz by qrcode",
    "sampleCount" : 600,
    "errorCount" : 0,
    "errorPct" : 0.0,
    "meanResTime" : 124.82499999999996,
    "minResTime" : 29.0,
    "maxResTime" : 789.0,
    "pct1ResTime" : 294.9,
    "pct2ResTime" : 378.94999999999993,
    "pct3ResTime" : 539.8700000000001,
    "throughput" : 51.47121901003689,
    "receivedKBytesPerSec" : 153.15703547224842,
    "sentKBytesPerSec" : 39.20659260530154
  },
  "Create question" : {
    "transaction" : "Create question",
    "sampleCount" : 5,
    "errorCount" : 0,
    "errorPct" : 0.0,
    "meanResTime" : 43.2,
    "minResTime" : 25.0,
    "maxResTime" : 103.0,
    "pct1ResTime" : 103.0,
    "pct2ResTime" : 103.0,
    "pct3ResTime" : 103.0,
    "throughput" : 23.041474654377883,
    "receivedKBytesPerSec" : 23.784022177419356,
    "sentKBytesPerSec" : 28.48682315668203
  },
  "Total" : {
    "transaction" : "Total",
    "sampleCount" : 8326,
    "errorCount" : 0,
    "errorPct" : 0.0,
    "meanResTime" : 380.5279846264695,
    "minResTime" : 0.0,
    "maxResTime" : 12913.0,
    "pct1ResTime" : 254.0,
    "pct2ResTime" : 2094.5499999999975,
    "pct3ResTime" : 9033.109999999997,
    "throughput" : 222.00298634812287,
    "receivedKBytesPerSec" : 115.47145908603083,
    "sentKBytesPerSec" : 129.4261164225816
  },
  "Populate quiz" : {
    "transaction" : "Populate quiz",
    "sampleCount" : 1,
    "errorCount" : 0,
    "errorPct" : 0.0,
    "meanResTime" : 1299.0,
    "minResTime" : 1299.0,
    "maxResTime" : 1299.0,
    "pct1ResTime" : 1299.0,
    "pct2ResTime" : 1299.0,
    "pct3ResTime" : 1299.0,
    "throughput" : 0.7698229407236336,
    "receivedKBytesPerSec" : 0.608941974595843,
    "sentKBytesPerSec" : 0.5999206120092379
  },
  "Generate number of times a student answers to a question" : {
    "transaction" : "Generate number of times a student answers to a question",
    "sampleCount" : 3000,
    "errorCount" : 0,
    "errorPct" : 0.0,
    "meanResTime" : 0.7429999999999988,
    "minResTime" : 0.0,
    "maxResTime" : 52.0,
    "pct1ResTime" : 1.0,
    "pct2ResTime" : 1.0,
    "pct3ResTime" : 6.0,
    "throughput" : 247.9953707530793,
    "receivedKBytesPerSec" : 0.0,
    "sentKBytesPerSec" : 0.0
  },
  "Create quiz" : {
    "transaction" : "Create quiz",
    "sampleCount" : 1,
    "errorCount" : 0,
    "errorPct" : 0.0,
    "meanResTime" : 44.0,
    "minResTime" : 44.0,
    "maxResTime" : 44.0,
    "pct1ResTime" : 44.0,
    "pct2ResTime" : 44.0,
    "pct3ResTime" : 44.0,
    "throughput" : 22.727272727272727,
    "receivedKBytesPerSec" : 85.6045809659091,
    "sentKBytesPerSec" : 25.013316761363637
  },
  "Submit answer" : {
    "transaction" : "Submit answer",
    "sampleCount" : 3515,
    "errorCount" : 0,
    "errorPct" : 0.0,
    "meanResTime" : 67.75761024182086,
    "minResTime" : 7.0,
    "maxResTime" : 687.0,
    "pct1ResTime" : 159.0,
    "pct2ResTime" : 220.19999999999982,
    "pct3ResTime" : 366.5600000000013,
    "throughput" : 290.08830568622597,
    "receivedKBytesPerSec" : 111.04942952050837,
    "sentKBytesPerSec" : 283.289361021705
  },
  "Login as student" : {
    "transaction" : "Login as student",
    "sampleCount" : 600,
    "errorCount" : 0,
    "errorPct" : 0.0,
    "meanResTime" : 4665.163333333334,
    "minResTime" : 510.0,
    "maxResTime" : 12913.0,
    "pct1ResTime" : 9648.3,
    "pct2ResTime" : 10791.449999999995,
    "pct3ResTime" : 11107.94,
    "throughput" : 34.52243958573072,
    "receivedKBytesPerSec" : 52.39836557825087,
    "sentKBytesPerSec" : 4.989571346375144
  },
  "Conclude quiz" : {
    "transaction" : "Conclude quiz",
    "sampleCount" : 600,
    "errorCount" : 0,
    "errorPct" : 0.0,
    "meanResTime" : 76.69833333333337,
    "minResTime" : 16.0,
    "maxResTime" : 550.0,
    "pct1ResTime" : 172.89999999999998,
    "pct2ResTime" : 245.5499999999994,
    "pct3ResTime" : 414.2600000000007,
    "throughput" : 50.2554652818494,
    "receivedKBytesPerSec" : 21.839533252366195,
    "sentKBytesPerSec" : 72.68392976798727
  }
}