{
  "Get list of questions" : {
    "transaction" : "Get list of questions",
    "sampleCount" : 1,
    "errorCount" : 0,
    "errorPct" : 0.0,
    "meanResTime" : 52.0,
    "minResTime" : 52.0,
    "maxResTime" : 52.0,
    "pct1ResTime" : 52.0,
    "pct2ResTime" : 52.0,
    "pct3ResTime" : 52.0,
    "throughput" : 19.230769230769234,
    "receivedKBytesPerSec" : 294.6401742788462,
    "sentKBytesPerSec" : 14.592097355769232
  },
  "Write quiz answers" : {
    "transaction" : "Write quiz answers",
    "sampleCount" : 1,
    "errorCount" : 0,
    "errorPct" : 0.0,
    "meanResTime" : 2904.0,
    "minResTime" : 2904.0,
    "maxResTime" : 2904.0,
    "pct1ResTime" : 2904.0,
    "pct2ResTime" : 2904.0,
    "pct3ResTime" : 2904.0,
    "throughput" : 0.34435261707988984,
    "receivedKBytesPerSec" : 0.13182248622589532,
    "sentKBytesPerSec" : 0.26700779097796146
  },
  "Login as teacher" : {
    "transaction" : "Login as teacher",
    "sampleCount" : 2,
    "errorCount" : 0,
    "errorPct" : 0.0,
    "meanResTime" : 245.5,
    "minResTime" : 129.0,
    "maxResTime" : 362.0,
    "pct1ResTime" : 362.0,
    "pct2ResTime" : 362.0,
    "pct3ResTime" : 362.0,
    "throughput" : 0.10970927043335162,
    "receivedKBytesPerSec" : 0.1561000068568294,
    "sentKBytesPerSec" : 0.014249348601206802
  },
  "Start quiz by qrcode" : {
    "transaction" : "Start quiz by qrcode",
    "sampleCount" : 300,
    "errorCount" : 0,
    "errorPct" : 0.0,
    "meanResTime" : 1192.1499999999999,
    "minResTime" : 60.0,
    "maxResTime" : 4069.0,
    "pct1ResTime" : 2239.0000000000005,
    "pct2ResTime" : 2584.4499999999994,
    "pct3ResTime" : 3572.4700000000003,
    "throughput" : 28.46299810246679,
    "receivedKBytesPerSec" : 84.2215666508539,
    "sentKBytesPerSec" : 21.65300343927894
  },
  "Create question" : {
    "transaction" : "Create question",
    "sampleCount" : 5,
    "errorCount" : 0,
    "errorPct" : 0.0,
    "meanResTime" : 69.4,
    "minResTime" : 24.0,
    "maxResTime" : 229.0,
    "pct1ResTime" : 229.0,
    "pct2ResTime" : 229.0,
    "pct3ResTime" : 229.0,
    "throughput" : 14.285714285714285,
    "receivedKBytesPerSec" : 14.746093750000002,
    "sentKBytesPerSec" : 17.661830357142858
  },
  "Total" : {
    "transaction" : "Total",
    "sampleCount" : 4171,
    "errorCount" : 0,
    "errorPct" : 0.0,
    "meanResTime" : 401.8098777271637,
    "minResTime" : 0.0,
    "maxResTime" : 4069.0,
    "pct1ResTime" : 1201.8000000000002,
    "pct2ResTime" : 1828.3999999999978,
    "pct3ResTime" : 3058.0,
    "throughput" : 197.35970474117536,
    "receivedKBytesPerSec" : 102.93317159257595,
    "sentKBytesPerSec" : 115.00883314505063
  },
  "Populate quiz" : {
    "transaction" : "Populate quiz",
    "sampleCount" : 1,
    "errorCount" : 0,
    "errorPct" : 0.0,
    "meanResTime" : 80.0,
    "minResTime" : 80.0,
    "maxResTime" : 80.0,
    "pct1ResTime" : 80.0,
    "pct2ResTime" : 80.0,
    "pct3ResTime" : 80.0,
    "throughput" : 12.5,
    "receivedKBytesPerSec" : 9.85107421875,
    "sentKBytesPerSec" : 9.72900390625
  },
  "Generate number of times a student answers to a question" : {
    "transaction" : "Generate number of times a student answers to a question",
    "sampleCount" : 1500,
    "errorCount" : 0,
    "errorPct" : 0.0,
    "meanResTime" : 0.9346666666666665,
    "minResTime" : 0.0,
    "maxResTime" : 60.0,
    "pct1ResTime" : 1.0,
    "pct2ResTime" : 2.0,
    "pct3ResTime" : 9.0,
    "throughput" : 141.8708029887449,
    "receivedKBytesPerSec" : 0.0,
    "sentKBytesPerSec" : 0.0
  },
  "Create quiz" : {
    "transaction" : "Create quiz",
    "sampleCount" : 1,
    "errorCount" : 0,
    "errorPct" : 0.0,
    "meanResTime" : 88.0,
    "minResTime" : 88.0,
    "maxResTime" : 88.0,
    "pct1ResTime" : 88.0,
    "pct2ResTime" : 88.0,
    "pct3ResTime" : 88.0,
    "throughput" : 11.363636363636363,
    "receivedKBytesPerSec" : 42.569247159090914,
    "sentKBytesPerSec" : 12.506658380681818
  },
  "Submit answer" : {
    "transaction" : "Submit answer",
    "sampleCount" : 1760,
    "errorCount" : 0,
    "errorPct" : 0.0,
    "meanResTime" : 401.10795454545433,
    "minResTime" : 14.0,
    "maxResTime" : 2770.0,
    "pct1ResTime" : 901.9000000000001,
    "pct2ResTime" : 1159.4999999999982,
    "pct3ResTime" : 1842.4599999999982,
    "throughput" : 165.81872997927266,
    "receivedKBytesPerSec" : 63.47748257019031,
    "sentKBytesPerSec" : 161.77042114188805
  },
  "Login as student" : {
    "transaction" : "Login as student",
    "sampleCount" : 300,
    "errorCount" : 0,
    "errorPct" : 0.0,
    "meanResTime" : 1637.4499999999998,
    "minResTime" : 151.0,
    "maxResTime" : 3428.0,
    "pct1ResTime" : 3061.9,
    "pct2ResTime" : 3176.75,
    "pct3ResTime" : 3304.94,
    "throughput" : 47.080979284369114,
    "receivedKBytesPerSec" : 71.45764673571877,
    "sentKBytesPerSec" : 6.804672787193974
  },
  "Conclude quiz" : {
    "transaction" : "Conclude quiz",
    "sampleCount" : 300,
    "errorCount" : 0,
    "errorPct" : 0.0,
    "meanResTime" : 385.85000000000014,
    "minResTime" : 15.0,
    "maxResTime" : 2148.0,
    "pct1ResTime" : 915.7,
    "pct2ResTime" : 1243.6499999999996,
    "pct3ResTime" : 1832.1800000000007,
    "throughput" : 29.510131811922093,
    "receivedKBytesPerSec" : 12.824227203423176,
    "sentKBytesPerSec" : 42.50726994393075
  }
}