{
  "Get list of questions" : {
    "transaction" : "Get list of questions",
    "sampleCount" : 1,
    "errorCount" : 0,
    "errorPct" : 0.0,
    "meanResTime" : 57.0,
    "minResTime" : 57.0,
    "maxResTime" : 57.0,
    "pct1ResTime" : 57.0,
    "pct2ResTime" : 57.0,
    "pct3ResTime" : 57.0,
    "throughput" : 17.543859649122805,
    "receivedKBytesPerSec" : 269.0172697368421,
    "sentKBytesPerSec" : 13.312088815789473
  },
  "Write quiz answers" : {
    "transaction" : "Write quiz answers",
    "sampleCount" : 1,
    "errorCount" : 0,
    "errorPct" : 0.0,
    "meanResTime" : 6761.0,
    "minResTime" : 6761.0,
    "maxResTime" : 6761.0,
    "pct1ResTime" : 6761.0,
    "pct2ResTime" : 6761.0,
    "pct3ResTime" : 6761.0,
    "throughput" : 0.14790711433219939,
    "receivedKBytesPerSec" : 0.05662069220529507,
    "sentKBytesPerSec" : 0.11483023036533058
  },
  "Populate quiz" : {
    "transaction" : "Populate quiz",
    "sampleCount" : 1,
    "errorCount" : 0,
    "errorPct" : 0.0,
    "meanResTime" : 1818.0,
    "minResTime" : 1818.0,
    "maxResTime" : 1818.0,
    "pct1ResTime" : 1818.0,
    "pct2ResTime" : 1818.0,
    "pct3ResTime" : 1818.0,
    "throughput" : 0.55005500550055,
    "receivedKBytesPerSec" : 0.435102103960396,
    "sentKBytesPerSec" : 0.42865614686468645
  },
  "Submit answer" : {
    "transaction" : "Submit answer",
    "sampleCount" : 3450,
    "errorCount" : 0,
    "errorPct" : 0.0,
    "meanResTime" : 25.637391304347794,
    "minResTime" : 8.0,
    "maxResTime" : 334.0,
    "pct1ResTime" : 38.0,
    "pct2ResTime" : 57.0,
    "pct3ResTime" : 264.97999999999956,
    "throughput" : 357.9580825897489,
    "receivedKBytesPerSec" : 42.29778124351525,
    "sentKBytesPerSec" : 349.56844002905166
  },
  "Login as student" : {
    "transaction" : "Login as student",
    "sampleCount" : 600,
    "errorCount" : 0,
    "errorPct" : 0.0,
    "meanResTime" : 2562.936666666668,
    "minResTime" : 142.0,
    "maxResTime" : 9366.0,
    "pct1ResTime" : 6204.0,
    "pct2ResTime" : 7103.95,
    "pct3ResTime" : 7439.98,
    "throughput" : 33.702185024995785,
    "receivedKBytesPerSec" : 51.1540365387856,
    "sentKBytesPerSec" : 4.936843509520867
  },
  "Conclude quiz" : {
    "transaction" : "Conclude quiz",
    "sampleCount" : 600,
    "errorCount" : 0,
    "errorPct" : 0.0,
    "meanResTime" : 41.795,
    "minResTime" : 15.0,
    "maxResTime" : 273.0,
    "pct1ResTime" : 79.89999999999998,
    "pct2ResTime" : 118.0,
    "pct3ResTime" : 155.94000000000005,
    "throughput" : 63.99317406143344,
    "receivedKBytesPerSec" : 27.80953364974403,
    "sentKBytesPerSec" : 92.5526277197099
  },
  "Login as teacher" : {
    "transaction" : "Login as teacher",
    "sampleCount" : 2,
    "errorCount" : 0,
    "errorPct" : 0.0,
    "meanResTime" : 225.5,
    "minResTime" : 195.0,
    "maxResTime" : 256.0,
    "pct1ResTime" : 256.0,
    "pct2ResTime" : 256.0,
    "pct3ResTime" : 256.0,
    "throughput" : 0.1619039909333765,
    "receivedKBytesPerSec" : 0.23052345584068648,
    "sentKBytesPerSec" : 0.021344764429693193
  },
  "Start quiz by qrcode" : {
    "transaction" : "Start quiz by qrcode",
    "sampleCount" : 600,
    "errorCount" : 0,
    "errorPct" : 0.0,
    "meanResTime" : 3.6249999999999973,
    "minResTime" : 1.0,
    "maxResTime" : 55.0,
    "pct1ResTime" : 7.0,
    "pct2ResTime" : 9.0,
    "pct3ResTime" : 23.99000000000001,
    "throughput" : 62.70247674783154,
    "receivedKBytesPerSec" : 169.370166684084,
    "sentKBytesPerSec" : 47.639186435364195
  },
  "Create question" : {
    "transaction" : "Create question",
    "sampleCount" : 5,
    "errorCount" : 0,
    "errorPct" : 0.0,
    "meanResTime" : 45.0,
    "minResTime" : 24.0,
    "maxResTime" : 104.0,
    "pct1ResTime" : 104.0,
    "pct2ResTime" : 104.0,
    "pct3ResTime" : 104.0,
    "throughput" : 22.123893805309734,
    "receivedKBytesPerSec" : 22.858476216814157,
    "sentKBytesPerSec" : 27.3523921460177
  },
  "Total" : {
    "transaction" : "Total",
    "sampleCount" : 8861,
    "errorCount" : 0,
    "errorPct" : 0.0,
    "meanResTime" : 187.98690892675808,
    "minResTime" : 0.0,
    "maxResTime" : 9366.0,
    "pct1ResTime" : 55.0,
    "pct2ResTime" : 936.7999999999993,
    "pct3ResTime" : 5368.879999999979,
    "throughput" : 239.9729180771835,
    "receivedKBytesPerSec" : 87.42314446513203,
    "sentKBytesPerSec" : 129.73674466824644
  },
  "Generate number of times a student answers to a question" : {
    "transaction" : "Generate number of times a student answers to a question",
    "sampleCount" : 3000,
    "errorCount" : 0,
    "errorPct" : 0.0,
    "meanResTime" : 0.8249999999999992,
    "minResTime" : 0.0,
    "maxResTime" : 60.0,
    "pct1ResTime" : 1.0,
    "pct2ResTime" : 1.0,
    "pct3ResTime" : 10.989999999999782,
    "throughput" : 311.68831168831167,
    "receivedKBytesPerSec" : 0.0,
    "sentKBytesPerSec" : 0.0
  },
  "Create quiz" : {
    "transaction" : "Create quiz",
    "sampleCount" : 1,
    "errorCount" : 0,
    "errorPct" : 0.0,
    "meanResTime" : 45.0,
    "minResTime" : 45.0,
    "maxResTime" : 45.0,
    "pct1ResTime" : 45.0,
    "pct2ResTime" : 45.0,
    "pct3ResTime" : 45.0,
    "throughput" : 22.22222222222222,
    "receivedKBytesPerSec" : 83.81076388888889,
    "sentKBytesPerSec" : 24.56597222222222
  },
  "Calculate Port Number" : {
    "transaction" : "Calculate Port Number",
    "sampleCount" : 600,
    "errorCount" : 0,
    "errorPct" : 0.0,
    "meanResTime" : 0.7616666666666665,
    "minResTime" : 0.0,
    "maxResTime" : 47.0,
    "pct1ResTime" : 1.0,
    "pct2ResTime" : 2.0,
    "pct3ResTime" : 4.990000000000009,
    "throughput" : 62.69592476489028,
    "receivedKBytesPerSec" : 0.0,
    "sentKBytesPerSec" : 0.0
  }
}