{
  "Get list of questions" : {
    "transaction" : "Get list of questions",
    "sampleCount" : 1,
    "errorCount" : 0,
    "errorPct" : 0.0,
    "meanResTime" : 38.0,
    "minResTime" : 38.0,
    "maxResTime" : 38.0,
    "pct1ResTime" : 38.0,
    "pct2ResTime" : 38.0,
    "pct3ResTime" : 38.0,
    "throughput" : 26.31578947368421,
    "receivedKBytesPerSec" : 166.86369243421052,
    "sentKBytesPerSec" : 19.891036184210527
  },
  "Write quiz answers" : {
    "transaction" : "Write quiz answers",
    "sampleCount" : 1,
    "errorCount" : 0,
    "errorPct" : 0.0,
    "meanResTime" : 1429.0,
    "minResTime" : 1429.0,
    "maxResTime" : 1429.0,
    "pct1ResTime" : 1429.0,
    "pct2ResTime" : 1429.0,
    "pct3ResTime" : 1429.0,
    "throughput" : 0.6997900629811056,
    "receivedKBytesPerSec" : 0.26788838348495453,
    "sentKBytesPerSec" : 0.5405604881035689
  },
  "Populate quiz" : {
    "transaction" : "Populate quiz",
    "sampleCount" : 1,
    "errorCount" : 0,
    "errorPct" : 0.0,
    "meanResTime" : 1218.0,
    "minResTime" : 1218.0,
    "maxResTime" : 1218.0,
    "pct1ResTime" : 1218.0,
    "pct2ResTime" : 1218.0,
    "pct3ResTime" : 1218.0,
    "throughput" : 0.8210180623973727,
    "receivedKBytesPerSec" : 0.6630682984400657,
    "sentKBytesPerSec" : 0.6366097085385879
  },
  "get next quiz question" : {
    "transaction" : "get next quiz question",
    "sampleCount" : 1500,
    "errorCount" : 0,
    "errorPct" : 0.0,
    "meanResTime" : 3.066,
    "minResTime" : 0.0,
    "maxResTime" : 49.0,
    "pct1ResTime" : 6.0,
    "pct2ResTime" : 8.0,
    "pct3ResTime" : 18.99000000000001,
    "throughput" : 208.30440216636578,
    "receivedKBytesPerSec" : 120.62940477017082,
    "sentKBytesPerSec" : 160.09332471184558
  },
  "Submit answer" : {
    "transaction" : "Submit answer",
    "sampleCount" : 1723,
    "errorCount" : 0,
    "errorPct" : 0.0,
    "meanResTime" : 22.389437028438724,
    "minResTime" : 11.0,
    "maxResTime" : 190.0,
    "pct1ResTime" : 29.0,
    "pct2ResTime" : 40.0,
    "pct3ResTime" : 74.0,
    "throughput" : 238.8411422234544,
    "receivedKBytesPerSec" : 48.981093620044355,
    "sentKBytesPerSec" : 232.5435730437344
  },
  "Login as student" : {
    "transaction" : "Login as student",
    "sampleCount" : 300,
    "errorCount" : 0,
    "errorPct" : 0.0,
    "meanResTime" : 917.2633333333335,
    "minResTime" : 339.0,
    "maxResTime" : 2074.0,
    "pct1ResTime" : 1214.8000000000002,
    "pct2ResTime" : 1273.2999999999997,
    "pct3ResTime" : 1481.6100000000004,
    "throughput" : 48.37929366231253,
    "receivedKBytesPerSec" : 73.23809289832286,
    "sentKBytesPerSec" : 7.086810595065312
  },
  "Conclude quiz" : {
    "transaction" : "Conclude quiz",
    "sampleCount" : 300,
    "errorCount" : 0,
    "errorPct" : 0.0,
    "meanResTime" : 37.57333333333332,
    "minResTime" : 15.0,
    "maxResTime" : 173.0,
    "pct1ResTime" : 53.0,
    "pct2ResTime" : 65.94999999999999,
    "pct3ResTime" : 132.80000000000018,
    "throughput" : 43.31504475887958,
    "receivedKBytesPerSec" : 18.823432536817787,
    "sentKBytesPerSec" : 62.05387759890269
  },
  "Login as teacher" : {
    "transaction" : "Login as teacher",
    "sampleCount" : 2,
    "errorCount" : 0,
    "errorPct" : 0.0,
    "meanResTime" : 127.0,
    "minResTime" : 112.0,
    "maxResTime" : 142.0,
    "pct1ResTime" : 142.0,
    "pct2ResTime" : 142.0,
    "pct3ResTime" : 142.0,
    "throughput" : 0.21331058020477817,
    "receivedKBytesPerSec" : 0.3021552701045222,
    "sentKBytesPerSec" : 0.02812200031996587
  },
  "Start quiz by qrcode" : {
    "transaction" : "Start quiz by qrcode",
    "sampleCount" : 300,
    "errorCount" : 0,
    "errorPct" : 0.0,
    "meanResTime" : 4.966666666666668,
    "minResTime" : 1.0,
    "maxResTime" : 68.0,
    "pct1ResTime" : 10.0,
    "pct2ResTime" : 16.0,
    "pct3ResTime" : 43.99000000000001,
    "throughput" : 41.94044456871243,
    "receivedKBytesPerSec" : 129.5075055920593,
    "sentKBytesPerSec" : 31.742035684328254
  },
  "Create question" : {
    "transaction" : "Create question",
    "sampleCount" : 5,
    "errorCount" : 0,
    "errorPct" : 0.0,
    "meanResTime" : 93.99999999999999,
    "minResTime" : 24.0,
    "maxResTime" : 269.0,
    "pct1ResTime" : 269.0,
    "pct2ResTime" : 269.0,
    "pct3ResTime" : 269.0,
    "throughput" : 10.615711252653927,
    "receivedKBytesPerSec" : 10.916351512738855,
    "sentKBytesPerSec" : 13.093401671974522
  },
  "Total" : {
    "transaction" : "Total",
    "sampleCount" : 5934,
    "errorCount" : 0,
    "errorPct" : 0.0,
    "meanResTime" : 56.664644421974856,
    "minResTime" : 0.0,
    "maxResTime" : 2074.0,
    "pct1ResTime" : 33.0,
    "pct2ResTime" : 401.25,
    "pct3ResTime" : 1123.949999999999,
    "throughput" : 348.7306064880113,
    "receivedKBytesPerSec" : 161.7394910488658,
    "sentKBytesPerSec" : 208.09912132331337
  },
  "Generate number of times a student answers to a question" : {
    "transaction" : "Generate number of times a student answers to a question",
    "sampleCount" : 1500,
    "errorCount" : 0,
    "errorPct" : 0.0,
    "meanResTime" : 0.8533333333333342,
    "minResTime" : 0.0,
    "maxResTime" : 27.0,
    "pct1ResTime" : 1.0,
    "pct2ResTime" : 2.0,
    "pct3ResTime" : 5.990000000000009,
    "throughput" : 208.47810979847117,
    "receivedKBytesPerSec" : 0.0,
    "sentKBytesPerSec" : 0.0
  },
  "Create quiz" : {
    "transaction" : "Create quiz",
    "sampleCount" : 1,
    "errorCount" : 0,
    "errorPct" : 0.0,
    "meanResTime" : 45.0,
    "minResTime" : 45.0,
    "maxResTime" : 45.0,
    "pct1ResTime" : 45.0,
    "pct2ResTime" : 45.0,
    "pct3ResTime" : 45.0,
    "throughput" : 22.22222222222222,
    "receivedKBytesPerSec" : 83.63715277777779,
    "sentKBytesPerSec" : 24.39236111111111
  },
  "Calculate Port Number" : {
    "transaction" : "Calculate Port Number",
    "sampleCount" : 300,
    "errorCount" : 0,
    "errorPct" : 0.0,
    "meanResTime" : 1.3233333333333346,
    "minResTime" : 0.0,
    "maxResTime" : 43.0,
    "pct1ResTime" : 1.0,
    "pct2ResTime" : 3.0,
    "pct3ResTime" : 14.970000000000027,
    "throughput" : 41.922861934041364,
    "receivedKBytesPerSec" : 0.0,
    "sentKBytesPerSec" : 0.0
  }
}