{
  "Get list of questions" : {
    "transaction" : "Get list of questions",
    "sampleCount" : 1,
    "errorCount" : 0,
    "errorPct" : 0.0,
    "meanResTime" : 59.0,
    "minResTime" : 59.0,
    "maxResTime" : 59.0,
    "pct1ResTime" : 59.0,
    "pct2ResTime" : 59.0,
    "pct3ResTime" : 59.0,
    "throughput" : 16.949152542372882,
    "receivedKBytesPerSec" : 259.8980402542373,
    "sentKBytesPerSec" : 12.86083156779661
  },
  "Write quiz answers" : {
    "transaction" : "Write quiz answers",
    "sampleCount" : 1,
    "errorCount" : 0,
    "errorPct" : 0.0,
    "meanResTime" : 10168.0,
    "minResTime" : 10168.0,
    "maxResTime" : 10168.0,
    "pct1ResTime" : 10168.0,
    "pct2ResTime" : 10168.0,
    "pct3ResTime" : 10168.0,
    "throughput" : 0.0983477576711251,
    "receivedKBytesPerSec" : 0.03764875098347758,
    "sentKBytesPerSec" : 0.07635397202006294
  },
  "Populate quiz" : {
    "transaction" : "Populate quiz",
    "sampleCount" : 1,
    "errorCount" : 0,
    "errorPct" : 0.0,
    "meanResTime" : 2807.0,
    "minResTime" : 2807.0,
    "maxResTime" : 2807.0,
    "pct1ResTime" : 2807.0,
    "pct2ResTime" : 2807.0,
    "pct3ResTime" : 2807.0,
    "throughput" : 0.3562522265764161,
    "receivedKBytesPerSec" : 0.2818010776629854,
    "sentKBytesPerSec" : 0.277626246882793
  },
  "Submit answer" : {
    "transaction" : "Submit answer",
    "sampleCount" : 5166,
    "errorCount" : 0,
    "errorPct" : 0.0,
    "meanResTime" : 21.01664730933027,
    "minResTime" : 11.0,
    "maxResTime" : 258.0,
    "pct1ResTime" : 29.0,
    "pct2ResTime" : 46.0,
    "pct3ResTime" : 96.0,
    "throughput" : 431.9036869826938,
    "receivedKBytesPerSec" : 51.03549426260346,
    "sentKBytesPerSec" : 421.78094431903685
  },
  "Login as student" : {
    "transaction" : "Login as student",
    "sampleCount" : 900,
    "errorCount" : 0,
    "errorPct" : 0.0,
    "meanResTime" : 8108.2966666666725,
    "minResTime" : 343.0,
    "maxResTime" : 25115.0,
    "pct1ResTime" : 20094.7,
    "pct2ResTime" : 23082.9,
    "pct3ResTime" : 25017.79,
    "throughput" : 23.314854152634577,
    "receivedKBytesPerSec" : 35.3883613138568,
    "sentKBytesPerSec" : 3.415261838764831
  },
  "Conclude quiz" : {
    "transaction" : "Conclude quiz",
    "sampleCount" : 900,
    "errorCount" : 0,
    "errorPct" : 0.0,
    "meanResTime" : 35.409999999999954,
    "minResTime" : 15.0,
    "maxResTime" : 295.0,
    "pct1ResTime" : 55.0,
    "pct2ResTime" : 77.0,
    "pct3ResTime" : 172.8800000000001,
    "throughput" : 76.66098807495742,
    "receivedKBytesPerSec" : 33.314589544293014,
    "sentKBytesPerSec" : 110.87394857325383
  },
  "Login as teacher" : {
    "transaction" : "Login as teacher",
    "sampleCount" : 2,
    "errorCount" : 0,
    "errorPct" : 0.0,
    "meanResTime" : 402.5,
    "minResTime" : 392.0,
    "maxResTime" : 413.0,
    "pct1ResTime" : 413.0,
    "pct2ResTime" : 413.0,
    "pct3ResTime" : 413.0,
    "throughput" : 0.124750499001996,
    "receivedKBytesPerSec" : 0.17762326908682635,
    "sentKBytesPerSec" : 0.016446598989520958
  },
  "Start quiz by qrcode" : {
    "transaction" : "Start quiz by qrcode",
    "sampleCount" : 900,
    "errorCount" : 0,
    "errorPct" : 0.0,
    "meanResTime" : 2.6922222222222225,
    "minResTime" : 1.0,
    "maxResTime" : 56.0,
    "pct1ResTime" : 4.0,
    "pct2ResTime" : 6.0,
    "pct3ResTime" : 18.0,
    "throughput" : 75.45271629778671,
    "receivedKBytesPerSec" : 203.8107551559356,
    "sentKBytesPerSec" : 57.32638015593561
  },
  "Create question" : {
    "transaction" : "Create question",
    "sampleCount" : 5,
    "errorCount" : 0,
    "errorPct" : 0.0,
    "meanResTime" : 45.8,
    "minResTime" : 24.0,
    "maxResTime" : 102.0,
    "pct1ResTime" : 102.0,
    "pct2ResTime" : 102.0,
    "pct3ResTime" : 102.0,
    "throughput" : 21.551724137931036,
    "receivedKBytesPerSec" : 22.267308728448274,
    "sentKBytesPerSec" : 26.645002693965516
  },
  "Total" : {
    "transaction" : "Total",
    "sampleCount" : 13277,
    "errorCount" : 0,
    "errorPct" : 0.0,
    "meanResTime" : 561.7069368080156,
    "minResTime" : 0.0,
    "maxResTime" : 25115.0,
    "pct1ResTime" : 43.0,
    "pct2ResTime" : 2095.69999999999,
    "pct3ResTime" : 17633.44,
    "throughput" : 204.86352204169177,
    "receivedKBytesPerSec" : 74.47974830366924,
    "sentKBytesPerSec" : 110.66475745073987
  },
  "Generate number of times a student answers to a question" : {
    "transaction" : "Generate number of times a student answers to a question",
    "sampleCount" : 4500,
    "errorCount" : 0,
    "errorPct" : 0.0,
    "meanResTime" : 0.6126666666666659,
    "minResTime" : 0.0,
    "maxResTime" : 41.0,
    "pct1ResTime" : 1.0,
    "pct2ResTime" : 1.0,
    "pct3ResTime" : 3.0,
    "throughput" : 376.6005523474768,
    "receivedKBytesPerSec" : 0.0,
    "sentKBytesPerSec" : 0.0
  },
  "Create quiz" : {
    "transaction" : "Create quiz",
    "sampleCount" : 1,
    "errorCount" : 0,
    "errorPct" : 0.0,
    "meanResTime" : 45.0,
    "minResTime" : 45.0,
    "maxResTime" : 45.0,
    "pct1ResTime" : 45.0,
    "pct2ResTime" : 45.0,
    "pct3ResTime" : 45.0,
    "throughput" : 22.22222222222222,
    "receivedKBytesPerSec" : 83.81076388888889,
    "sentKBytesPerSec" : 24.56597222222222
  },
  "Calculate Port Number" : {
    "transaction" : "Calculate Port Number",
    "sampleCount" : 900,
    "errorCount" : 0,
    "errorPct" : 0.0,
    "meanResTime" : 0.6466666666666677,
    "minResTime" : 0.0,
    "maxResTime" : 27.0,
    "pct1ResTime" : 1.0,
    "pct2ResTime" : 1.0,
    "pct3ResTime" : 3.0,
    "throughput" : 75.44006705783738,
    "receivedKBytesPerSec" : 0.0,
    "sentKBytesPerSec" : 0.0
  }
}