{
  "Get list of questions" : {
    "transaction" : "Get list of questions",
    "sampleCount" : 1,
    "errorCount" : 0,
    "errorPct" : 0.0,
    "meanResTime" : 54.0,
    "minResTime" : 54.0,
    "maxResTime" : 54.0,
    "pct1ResTime" : 54.0,
    "pct2ResTime" : 54.0,
    "pct3ResTime" : 54.0,
    "throughput" : 18.51851851851852,
    "receivedKBytesPerSec" : 283.8722511574074,
    "sentKBytesPerSec" : 14.051649305555555
  },
  "Write quiz answers" : {
    "transaction" : "Write quiz answers",
    "sampleCount" : 1,
    "errorCount" : 0,
    "errorPct" : 0.0,
    "meanResTime" : 16841.0,
    "minResTime" : 16841.0,
    "maxResTime" : 16841.0,
    "pct1ResTime" : 16841.0,
    "pct2ResTime" : 16841.0,
    "pct3ResTime" : 16841.0,
    "throughput" : 0.05937889674009857,
    "receivedKBytesPerSec" : 0.022730983908318982,
    "sentKBytesPerSec" : 0.04609982705896324
  },
  "Login as teacher" : {
    "transaction" : "Login as teacher",
    "sampleCount" : 2,
    "errorCount" : 0,
    "errorPct" : 0.0,
    "meanResTime" : 672.0,
    "minResTime" : 666.0,
    "maxResTime" : 678.0,
    "pct1ResTime" : 678.0,
    "pct2ResTime" : 678.0,
    "pct3ResTime" : 678.0,
    "throughput" : 0.06737636437137852,
    "receivedKBytesPerSec" : 0.0959981597830481,
    "sentKBytesPerSec" : 0.008751031700579436
  },
  "Start quiz by qrcode" : {
    "transaction" : "Start quiz by qrcode",
    "sampleCount" : 1500,
    "errorCount" : 0,
    "errorPct" : 0.0,
    "meanResTime" : 85.75400000000003,
    "minResTime" : 29.0,
    "maxResTime" : 477.0,
    "pct1ResTime" : 163.0,
    "pct2ResTime" : 229.95000000000005,
    "pct3ResTime" : 392.8900000000001,
    "throughput" : 62.34154856406633,
    "receivedKBytesPerSec" : 185.5026352292091,
    "sentKBytesPerSec" : 47.4867264452849
  },
  "Create question" : {
    "transaction" : "Create question",
    "sampleCount" : 5,
    "errorCount" : 0,
    "errorPct" : 0.0,
    "meanResTime" : 59.2,
    "minResTime" : 24.0,
    "maxResTime" : 186.0,
    "pct1ResTime" : 186.0,
    "pct2ResTime" : 186.0,
    "pct3ResTime" : 186.0,
    "throughput" : 16.72240802675585,
    "receivedKBytesPerSec" : 17.261313754180602,
    "sentKBytesPerSec" : 20.674383361204015
  },
  "Total" : {
    "transaction" : "Total",
    "sampleCount" : 20643,
    "errorCount" : 0,
    "errorPct" : 0.0,
    "meanResTime" : 2111.423824056597,
    "minResTime" : 0.0,
    "maxResTime" : 90002.0,
    "pct1ResTime" : 117.0,
    "pct2ResTime" : 295.0,
    "pct3ResTime" : 66055.54000000007,
    "throughput" : 135.8279762335586,
    "receivedKBytesPerSec" : 70.57148546221846,
    "sentKBytesPerSec" : 78.75004138112831
  },
  "Populate quiz" : {
    "transaction" : "Populate quiz",
    "sampleCount" : 1,
    "errorCount" : 0,
    "errorPct" : 0.0,
    "meanResTime" : 3658.0,
    "minResTime" : 3658.0,
    "maxResTime" : 3658.0,
    "pct1ResTime" : 3658.0,
    "pct2ResTime" : 3658.0,
    "pct3ResTime" : 3658.0,
    "throughput" : 0.2733734281027884,
    "receivedKBytesPerSec" : 0.21650961932750137,
    "sentKBytesPerSec" : 0.2130390582285402
  },
  "Generate number of times a student answers to a question" : {
    "transaction" : "Generate number of times a student answers to a question",
    "sampleCount" : 7500,
    "errorCount" : 0,
    "errorPct" : 0.0,
    "meanResTime" : 0.48639999999999933,
    "minResTime" : 0.0,
    "maxResTime" : 34.0,
    "pct1ResTime" : 1.0,
    "pct2ResTime" : 1.0,
    "pct3ResTime" : 2.0,
    "throughput" : 311.3971351463566,
    "receivedKBytesPerSec" : 0.0,
    "sentKBytesPerSec" : 0.0
  },
  "Create quiz" : {
    "transaction" : "Create quiz",
    "sampleCount" : 1,
    "errorCount" : 0,
    "errorPct" : 0.0,
    "meanResTime" : 32.0,
    "minResTime" : 32.0,
    "maxResTime" : 32.0,
    "pct1ResTime" : 32.0,
    "pct2ResTime" : 32.0,
    "pct3ResTime" : 32.0,
    "throughput" : 31.25,
    "receivedKBytesPerSec" : 117.706298828125,
    "sentKBytesPerSec" : 34.393310546875
  },
  "Submit answer" : {
    "transaction" : "Submit answer",
    "sampleCount" : 8632,
    "errorCount" : 0,
    "errorPct" : 0.0,
    "meanResTime" : 53.006487488415104,
    "minResTime" : 13.0,
    "maxResTime" : 642.0,
    "pct1ResTime" : 107.0,
    "pct2ResTime" : 159.0,
    "pct3ResTime" : 292.34000000000015,
    "throughput" : 358.20400033197774,
    "receivedKBytesPerSec" : 137.12496887708525,
    "sentKBytesPerSec" : 349.80859407419706
  },
  "Login as student" : {
    "transaction" : "Login as student",
    "sampleCount" : 1500,
    "errorCount" : 0,
    "errorPct" : 0.0,
    "meanResTime" : 28590.300000000003,
    "minResTime" : 303.0,
    "maxResTime" : 90002.0,
    "pct1ResTime" : 72416.40000000001,
    "pct2ResTime" : 81407.8,
    "pct3ResTime" : 89473.44,
    "throughput" : 14.225290670106027,
    "receivedKBytesPerSec" : 21.598075451534434,
    "sentKBytesPerSec" : 2.0559990421637617
  },
  "Conclude quiz" : {
    "transaction" : "Conclude quiz",
    "sampleCount" : 1500,
    "errorCount" : 0,
    "errorPct" : 0.0,
    "meanResTime" : 59.0773333333333,
    "minResTime" : 15.0,
    "maxResTime" : 449.0,
    "pct1ResTime" : 105.90000000000009,
    "pct2ResTime" : 160.95000000000005,
    "pct3ResTime" : 295.0,
    "throughput" : 62.72738677706687,
    "receivedKBytesPerSec" : 27.259460074018317,
    "sentKBytesPerSec" : 90.72193341487893
  }
}