{
  "Get list of questions" : {
    "transaction" : "Get list of questions",
    "sampleCount" : 1,
    "errorCount" : 0,
    "errorPct" : 0.0,
    "meanResTime" : 53.0,
    "minResTime" : 53.0,
    "maxResTime" : 53.0,
    "pct1ResTime" : 53.0,
    "pct2ResTime" : 53.0,
    "pct3ResTime" : 53.0,
    "throughput" : 18.867924528301884,
    "receivedKBytesPerSec" : 289.3204599056604,
    "sentKBytesPerSec" : 14.316774764150944
  },
  "Write quiz answers" : {
    "transaction" : "Write quiz answers",
    "sampleCount" : 1,
    "errorCount" : 0,
    "errorPct" : 0.0,
    "meanResTime" : 3577.0,
    "minResTime" : 3577.0,
    "maxResTime" : 3577.0,
    "pct1ResTime" : 3577.0,
    "pct2ResTime" : 3577.0,
    "pct3ResTime" : 3577.0,
    "throughput" : 0.2795638803466592,
    "receivedKBytesPerSec" : 0.10702054794520548,
    "sentKBytesPerSec" : 0.21704422351132233
  },
  "Populate quiz" : {
    "transaction" : "Populate quiz",
    "sampleCount" : 1,
    "errorCount" : 0,
    "errorPct" : 0.0,
    "meanResTime" : 1278.0,
    "minResTime" : 1278.0,
    "maxResTime" : 1278.0,
    "pct1ResTime" : 1278.0,
    "pct2ResTime" : 1278.0,
    "pct3ResTime" : 1278.0,
    "throughput" : 0.7824726134585289,
    "receivedKBytesPerSec" : 0.6189480633802816,
    "sentKBytesPerSec" : 0.6097784624413145
  },
  "Submit answer" : {
    "transaction" : "Submit answer",
    "sampleCount" : 1761,
    "errorCount" : 0,
    "errorPct" : 0.0,
    "meanResTime" : 28.412265758092,
    "minResTime" : 8.0,
    "maxResTime" : 333.0,
    "pct1ResTime" : 57.0,
    "pct2ResTime" : 83.89999999999986,
    "pct3ResTime" : 152.37999999999988,
    "throughput" : 262.2486969471333,
    "receivedKBytesPerSec" : 30.98837141660462,
    "sentKBytesPerSec" : 256.10224311243485
  },
  "Login as student" : {
    "transaction" : "Login as student",
    "sampleCount" : 300,
    "errorCount" : 0,
    "errorPct" : 0.0,
    "meanResTime" : 2321.4833333333336,
    "minResTime" : 456.0,
    "maxResTime" : 4561.0,
    "pct1ResTime" : 3056.9,
    "pct2ResTime" : 3104.8,
    "pct3ResTime" : 4435.000000000011,
    "throughput" : 45.634317006388805,
    "receivedKBytesPerSec" : 69.25854336210831,
    "sentKBytesPerSec" : 6.684714405232735
  },
  "Conclude quiz" : {
    "transaction" : "Conclude quiz",
    "sampleCount" : 300,
    "errorCount" : 0,
    "errorPct" : 0.0,
    "meanResTime" : 73.63333333333324,
    "minResTime" : 15.0,
    "maxResTime" : 823.0,
    "pct1ResTime" : 174.80000000000007,
    "pct2ResTime" : 348.9,
    "pct3ResTime" : 587.97,
    "throughput" : 47.03668861712136,
    "receivedKBytesPerSec" : 20.440748471307618,
    "sentKBytesPerSec" : 68.02864828316086
  },
  "Login as teacher" : {
    "transaction" : "Login as teacher",
    "sampleCount" : 2,
    "errorCount" : 0,
    "errorPct" : 0.0,
    "meanResTime" : 122.0,
    "minResTime" : 114.0,
    "maxResTime" : 130.0,
    "pct1ResTime" : 130.0,
    "pct2ResTime" : 130.0,
    "pct3ResTime" : 130.0,
    "throughput" : 0.2259631680036154,
    "receivedKBytesPerSec" : 0.3217327138176477,
    "sentKBytesPerSec" : 0.029790066094226637
  },
  "Start quiz by qrcode" : {
    "transaction" : "Start quiz by qrcode",
    "sampleCount" : 300,
    "errorCount" : 0,
    "errorPct" : 0.0,
    "meanResTime" : 5.266666666666668,
    "minResTime" : 1.0,
    "maxResTime" : 58.0,
    "pct1ResTime" : 8.0,
    "pct2ResTime" : 17.94999999999999,
    "pct3ResTime" : 44.950000000000045,
    "throughput" : 45.27618472683369,
    "receivedKBytesPerSec" : 122.2987567914277,
    "sentKBytesPerSec" : 34.39928878659825
  },
  "Create question" : {
    "transaction" : "Create question",
    "sampleCount" : 5,
    "errorCount" : 0,
    "errorPct" : 0.0,
    "meanResTime" : 71.8,
    "minResTime" : 24.0,
    "maxResTime" : 238.0,
    "pct1ResTime" : 238.0,
    "pct2ResTime" : 238.0,
    "pct3ResTime" : 238.0,
    "throughput" : 13.888888888888888,
    "receivedKBytesPerSec" : 14.350043402777779,
    "sentKBytesPerSec" : 17.171223958333336
  },
  "Total" : {
    "transaction" : "Total",
    "sampleCount" : 4472,
    "errorCount" : 0,
    "errorPct" : 0.0,
    "meanResTime" : 173.8121645796063,
    "minResTime" : 0.0,
    "maxResTime" : 4561.0,
    "pct1ResTime" : 80.0,
    "pct2ResTime" : 1934.549999999993,
    "pct3ResTime" : 2997.2699999999995,
    "throughput" : 235.25698353411542,
    "receivedKBytesPerSec" : 85.87554332816035,
    "sentKBytesPerSec" : 128.11581438397602
  },
  "Generate number of times a student answers to a question" : {
    "transaction" : "Generate number of times a student answers to a question",
    "sampleCount" : 1500,
    "errorCount" : 0,
    "errorPct" : 0.0,
    "meanResTime" : 0.8360000000000001,
    "minResTime" : 0.0,
    "maxResTime" : 31.0,
    "pct1ResTime" : 1.0,
    "pct2ResTime" : 2.0,
    "pct3ResTime" : 6.0,
    "throughput" : 223.78039683723705,
    "receivedKBytesPerSec" : 0.0,
    "sentKBytesPerSec" : 0.0
  },
  "Create quiz" : {
    "transaction" : "Create quiz",
    "sampleCount" : 1,
    "errorCount" : 0,
    "errorPct" : 0.0,
    "meanResTime" : 84.0,
    "minResTime" : 84.0,
    "maxResTime" : 84.0,
    "pct1ResTime" : 84.0,
    "pct2ResTime" : 84.0,
    "pct3ResTime" : 84.0,
    "throughput" : 11.904761904761903,
    "receivedKBytesPerSec" : 44.89862351190476,
    "sentKBytesPerSec" : 13.160342261904761
  },
  "Calculate Port Number" : {
    "transaction" : "Calculate Port Number",
    "sampleCount" : 300,
    "errorCount" : 0,
    "errorPct" : 0.0,
    "meanResTime" : 0.966666666666667,
    "minResTime" : 0.0,
    "maxResTime" : 15.0,
    "pct1ResTime" : 1.0,
    "pct2ResTime" : 2.0,
    "pct3ResTime" : 11.950000000000045,
    "throughput" : 45.27618472683369,
    "receivedKBytesPerSec" : 0.0,
    "sentKBytesPerSec" : 0.0
  }
}