{
  "Get list of questions" : {
    "transaction" : "Get list of questions",
    "sampleCount" : 1,
    "errorCount" : 0,
    "errorPct" : 0.0,
    "meanResTime" : 30.0,
    "minResTime" : 30.0,
    "maxResTime" : 30.0,
    "pct1ResTime" : 30.0,
    "pct2ResTime" : 30.0,
    "pct3ResTime" : 30.0,
    "throughput" : 33.333333333333336,
    "receivedKBytesPerSec" : 313.5416666666667,
    "sentKBytesPerSec" : 25.1953125
  },
  "Populate quiz" : {
    "transaction" : "Populate quiz",
    "sampleCount" : 1,
    "errorCount" : 0,
    "errorPct" : 0.0,
    "meanResTime" : 4606.0,
    "minResTime" : 4606.0,
    "maxResTime" : 4606.0,
    "pct1ResTime" : 4606.0,
    "pct2ResTime" : 4606.0,
    "pct3ResTime" : 4606.0,
    "throughput" : 0.21710811984368217,
    "receivedKBytesPerSec" : 0.17194793475901,
    "sentKBytesPerSec" : 0.16855562038645247
  },
  "get next quiz question" : {
    "transaction" : "get next quiz question",
    "sampleCount" : 4500,
    "errorCount" : 0,
    "errorPct" : 0.0,
    "meanResTime" : 517.9857777777779,
    "minResTime" : 0.0,
    "maxResTime" : 2993.0,
    "pct1ResTime" : 1401.8000000000002,
    "pct2ResTime" : 1975.749999999999,
    "pct3ResTime" : 2692.0,
    "throughput" : 94.34753438443475,
    "receivedKBytesPerSec" : 55.005349636237845,
    "sentKBytesPerSec" : 72.60337606927206
  },
  "Submit answer" : {
    "transaction" : "Submit answer",
    "sampleCount" : 5237,
    "errorCount" : 0,
    "errorPct" : 0.0,
    "meanResTime" : 4925.867290433458,
    "minResTime" : 389.0,
    "maxResTime" : 11217.0,
    "pct1ResTime" : 7623.4,
    "pct2ResTime" : 8314.699999999997,
    "pct3ResTime" : 9429.359999999997,
    "throughput" : 108.93848938073347,
    "receivedKBytesPerSec" : 22.34090114253323,
    "sentKBytesPerSec" : 106.27885829233665
  },
  "Login as student" : {
    "transaction" : "Login as student",
    "sampleCount" : 900,
    "errorCount" : 0,
    "errorPct" : 0.0,
    "meanResTime" : 33181.59333333331,
    "minResTime" : 1675.0,
    "maxResTime" : 79815.0,
    "pct1ResTime" : 68309.09999999999,
    "pct2ResTime" : 74302.54999999997,
    "pct3ResTime" : 78311.64,
    "throughput" : 9.676066786363197,
    "receivedKBytesPerSec" : 14.66584518091557,
    "sentKBytesPerSec" : 1.4173925956586713
  },
  "Conclude quiz" : {
    "transaction" : "Conclude quiz",
    "sampleCount" : 900,
    "errorCount" : 0,
    "errorPct" : 0.0,
    "meanResTime" : 207.72333333333307,
    "minResTime" : 15.0,
    "maxResTime" : 1102.0,
    "pct1ResTime" : 350.9,
    "pct2ResTime" : 456.94999999999993,
    "pct3ResTime" : 633.0,
    "throughput" : 21.30026270324001,
    "receivedKBytesPerSec" : 9.256461819279105,
    "sentKBytesPerSec" : 30.660729711499776
  },
  "Login as teacher" : {
    "transaction" : "Login as teacher",
    "sampleCount" : 1,
    "errorCount" : 0,
    "errorPct" : 0.0,
    "meanResTime" : 757.0,
    "minResTime" : 757.0,
    "maxResTime" : 757.0,
    "pct1ResTime" : 757.0,
    "pct2ResTime" : 757.0,
    "pct3ResTime" : 757.0,
    "throughput" : 1.321003963011889,
    "receivedKBytesPerSec" : 1.8731423381770145,
    "sentKBytesPerSec" : 0.17415579590488772
  },
  "Start quiz by qrcode" : {
    "transaction" : "Start quiz by qrcode",
    "sampleCount" : 900,
    "errorCount" : 0,
    "errorPct" : 0.0,
    "meanResTime" : 213.98666666666676,
    "minResTime" : 1.0,
    "maxResTime" : 1656.0,
    "pct1ResTime" : 1051.8999999999996,
    "pct2ResTime" : 1320.6999999999996,
    "pct3ResTime" : 1551.97,
    "throughput" : 69.08197727970524,
    "receivedKBytesPerSec" : 208.6626520762972,
    "sentKBytesPerSec" : 52.35118590727663
  },
  "Create question" : {
    "transaction" : "Create question",
    "sampleCount" : 5,
    "errorCount" : 0,
    "errorPct" : 0.0,
    "meanResTime" : 34.2,
    "minResTime" : 16.0,
    "maxResTime" : 91.0,
    "pct1ResTime" : 91.0,
    "pct2ResTime" : 91.0,
    "pct3ResTime" : 91.0,
    "throughput" : 28.735632183908045,
    "receivedKBytesPerSec" : 29.66168283045977,
    "sentKBytesPerSec" : 35.4424838362069
  },
  "Total" : {
    "transaction" : "Total",
    "sampleCount" : 17846,
    "errorCount" : 0,
    "errorPct" : 0.0,
    "meanResTime" : 3271.3489297321535,
    "minResTime" : 0.0,
    "maxResTime" : 79815.0,
    "pct1ResTime" : 7111.0,
    "pct2ResTime" : 8705.149999999976,
    "pct3ResTime" : 57411.86999999991,
    "throughput" : 121.55185331498862,
    "receivedKBytesPerSec" : 55.7953235468403,
    "sentKBytesPerSec" : 72.81353710461251
  },
  "Generate number of times a student answers to a question" : {
    "transaction" : "Generate number of times a student answers to a question",
    "sampleCount" : 4500,
    "errorCount" : 0,
    "errorPct" : 0.0,
    "meanResTime" : 0.7920000000000007,
    "minResTime" : 0.0,
    "maxResTime" : 153.0,
    "pct1ResTime" : 1.0,
    "pct2ResTime" : 1.0,
    "pct3ResTime" : 10.0,
    "throughput" : 94.3613831281847,
    "receivedKBytesPerSec" : 0.0,
    "sentKBytesPerSec" : 0.0
  },
  "Create quiz" : {
    "transaction" : "Create quiz",
    "sampleCount" : 1,
    "errorCount" : 0,
    "errorPct" : 0.0,
    "meanResTime" : 22.0,
    "minResTime" : 22.0,
    "maxResTime" : 22.0,
    "pct1ResTime" : 22.0,
    "pct2ResTime" : 22.0,
    "pct3ResTime" : 22.0,
    "throughput" : 45.45454545454545,
    "receivedKBytesPerSec" : 171.2091619318182,
    "sentKBytesPerSec" : 49.893465909090914
  },
  "Calculate Port Number" : {
    "transaction" : "Calculate Port Number",
    "sampleCount" : 900,
    "errorCount" : 0,
    "errorPct" : 0.0,
    "meanResTime" : 0.7411111111111106,
    "minResTime" : 0.0,
    "maxResTime" : 61.0,
    "pct1ResTime" : 1.0,
    "pct2ResTime" : 1.0,
    "pct3ResTime" : 5.0,
    "throughput" : 74.77567298105683,
    "receivedKBytesPerSec" : 0.0,
    "sentKBytesPerSec" : 0.0
  }
}