{
  "Get list of questions" : {
    "transaction" : "Get list of questions",
    "sampleCount" : 1,
    "errorCount" : 0,
    "errorPct" : 0.0,
    "meanResTime" : 53.0,
    "minResTime" : 53.0,
    "maxResTime" : 53.0,
    "pct1ResTime" : 53.0,
    "pct2ResTime" : 53.0,
    "pct3ResTime" : 53.0,
    "throughput" : 18.867924528301884,
    "receivedKBytesPerSec" : 289.2283313679245,
    "sentKBytesPerSec" : 14.316774764150944
  },
  "Write quiz answers" : {
    "transaction" : "Write quiz answers",
    "sampleCount" : 1,
    "errorCount" : 0,
    "errorPct" : 0.0,
    "meanResTime" : 13148.0,
    "minResTime" : 13148.0,
    "maxResTime" : 13148.0,
    "pct1ResTime" : 13148.0,
    "pct2ResTime" : 13148.0,
    "pct3ResTime" : 13148.0,
    "throughput" : 0.076057195010648,
    "receivedKBytesPerSec" : 0.02911564496501369,
    "sentKBytesPerSec" : 0.05904831057955583
  },
  "Login as teacher" : {
    "transaction" : "Login as teacher",
    "sampleCount" : 2,
    "errorCount" : 0,
    "errorPct" : 0.0,
    "meanResTime" : 515.5,
    "minResTime" : 511.0,
    "maxResTime" : 520.0,
    "pct1ResTime" : 520.0,
    "pct2ResTime" : 520.0,
    "pct3ResTime" : 520.0,
    "throughput" : 0.08173941474579041,
    "receivedKBytesPerSec" : 0.11646270128330881,
    "sentKBytesPerSec" : 0.010616545079287233
  },
  "Start quiz by qrcode" : {
    "transaction" : "Start quiz by qrcode",
    "sampleCount" : 1200,
    "errorCount" : 0,
    "errorPct" : 0.0,
    "meanResTime" : 85.00833333333348,
    "minResTime" : 30.0,
    "maxResTime" : 790.0,
    "pct1ResTime" : 168.9000000000001,
    "pct2ResTime" : 243.95000000000005,
    "pct3ResTime" : 409.9100000000001,
    "throughput" : 59.37654626422563,
    "receivedKBytesPerSec" : 176.68001608114793,
    "sentKBytesPerSec" : 45.228228599703115
  },
  "Create question" : {
    "transaction" : "Create question",
    "sampleCount" : 5,
    "errorCount" : 0,
    "errorPct" : 0.0,
    "meanResTime" : 45.8,
    "minResTime" : 25.0,
    "maxResTime" : 116.0,
    "pct1ResTime" : 116.0,
    "pct2ResTime" : 116.0,
    "pct3ResTime" : 116.0,
    "throughput" : 21.73913043478261,
    "receivedKBytesPerSec" : 22.43970788043478,
    "sentKBytesPerSec" : 26.876698369565215
  },
  "Total" : {
    "transaction" : "Total",
    "sampleCount" : 16547,
    "errorCount" : 0,
    "errorPct" : 0.0,
    "meanResTime" : 1313.7855804677579,
    "minResTime" : 0.0,
    "maxResTime" : 53541.0,
    "pct1ResTime" : 156.0,
    "pct2ResTime" : 5222.199999999961,
    "pct3ResTime" : 39742.720000000074,
    "throughput" : 159.8435085007728,
    "receivedKBytesPerSec" : 83.05055597650212,
    "sentKBytesPerSec" : 92.79695537396155
  },
  "Populate quiz" : {
    "transaction" : "Populate quiz",
    "sampleCount" : 1,
    "errorCount" : 0,
    "errorPct" : 0.0,
    "meanResTime" : 2719.0,
    "minResTime" : 2719.0,
    "maxResTime" : 2719.0,
    "pct1ResTime" : 2719.0,
    "pct2ResTime" : 2719.0,
    "pct3ResTime" : 2719.0,
    "throughput" : 0.3677822728944465,
    "receivedKBytesPerSec" : 0.29128068683339464,
    "sentKBytesPerSec" : 0.28661157594703934
  },
  "Generate number of times a student answers to a question" : {
    "transaction" : "Generate number of times a student answers to a question",
    "sampleCount" : 6000,
    "errorCount" : 0,
    "errorPct" : 0.0,
    "meanResTime" : 0.5759999999999997,
    "minResTime" : 0.0,
    "maxResTime" : 32.0,
    "pct1ResTime" : 1.0,
    "pct2ResTime" : 1.0,
    "pct3ResTime" : 3.9899999999997817,
    "throughput" : 296.5159377316531,
    "receivedKBytesPerSec" : 0.0,
    "sentKBytesPerSec" : 0.0
  },
  "Create quiz" : {
    "transaction" : "Create quiz",
    "sampleCount" : 1,
    "errorCount" : 0,
    "errorPct" : 0.0,
    "meanResTime" : 34.0,
    "minResTime" : 34.0,
    "maxResTime" : 34.0,
    "pct1ResTime" : 34.0,
    "pct2ResTime" : 34.0,
    "pct3ResTime" : 34.0,
    "throughput" : 29.41176470588235,
    "receivedKBytesPerSec" : 110.78239889705881,
    "sentKBytesPerSec" : 32.37017463235294
  },
  "Submit answer" : {
    "transaction" : "Submit answer",
    "sampleCount" : 6936,
    "errorCount" : 0,
    "errorPct" : 0.0,
    "meanResTime" : 47.34602076124563,
    "minResTime" : 14.0,
    "maxResTime" : 456.0,
    "pct1ResTime" : 85.0,
    "pct2ResTime" : 130.0,
    "pct3ResTime" : 251.0,
    "throughput" : 343.0606390345237,
    "receivedKBytesPerSec" : 131.3279008804036,
    "sentKBytesPerSec" : 335.02015530715204
  },
  "Login as student" : {
    "transaction" : "Login as student",
    "sampleCount" : 1200,
    "errorCount" : 0,
    "errorPct" : 0.0,
    "meanResTime" : 17683.909999999993,
    "minResTime" : 328.0,
    "maxResTime" : 53541.0,
    "pct1ResTime" : 43552.9,
    "pct2ResTime" : 49292.3,
    "pct3ResTime" : 53319.98,
    "throughput" : 18.21023718833938,
    "receivedKBytesPerSec" : 27.64522367767121,
    "sentKBytesPerSec" : 2.6319483436271756
  },
  "Conclude quiz" : {
    "transaction" : "Conclude quiz",
    "sampleCount" : 1200,
    "errorCount" : 0,
    "errorPct" : 0.0,
    "meanResTime" : 56.20500000000005,
    "minResTime" : 7.0,
    "maxResTime" : 498.0,
    "pct1ResTime" : 92.0,
    "pct2ResTime" : 152.95000000000005,
    "pct3ResTime" : 342.9000000000001,
    "throughput" : 60.7810363166692,
    "receivedKBytesPerSec" : 26.413633946208783,
    "sentKBytesPerSec" : 87.90694803221396
  }
}