{
  "Get list of questions" : {
    "transaction" : "Get list of questions",
    "sampleCount" : 1,
    "errorCount" : 0,
    "errorPct" : 0.0,
    "meanResTime" : 74.0,
    "minResTime" : 74.0,
    "maxResTime" : 74.0,
    "pct1ResTime" : 74.0,
    "pct2ResTime" : 74.0,
    "pct3ResTime" : 74.0,
    "throughput" : 13.513513513513514,
    "receivedKBytesPerSec" : 85.37003800675676,
    "sentKBytesPerSec" : 10.26710304054054
  },
  "Write quiz answers" : {
    "transaction" : "Write quiz answers",
    "sampleCount" : 1,
    "errorCount" : 0,
    "errorPct" : 0.0,
    "meanResTime" : 18634.0,
    "minResTime" : 18634.0,
    "maxResTime" : 18634.0,
    "pct1ResTime" : 18634.0,
    "pct2ResTime" : 18634.0,
    "pct3ResTime" : 18634.0,
    "throughput" : 0.05366534292154127,
    "receivedKBytesPerSec" : 0.020543764087152517,
    "sentKBytesPerSec" : 0.04161160378877321
  },
  "Populate quiz" : {
    "transaction" : "Populate quiz",
    "sampleCount" : 1,
    "errorCount" : 0,
    "errorPct" : 0.0,
    "meanResTime" : 10036.0,
    "minResTime" : 10036.0,
    "maxResTime" : 10036.0,
    "pct1ResTime" : 10036.0,
    "pct2ResTime" : 10036.0,
    "pct3ResTime" : 10036.0,
    "throughput" : 0.09964129135113592,
    "receivedKBytesPerSec" : 0.07862320645675568,
    "sentKBytesPerSec" : 0.07755284102231966
  },
  "Submit answer" : {
    "transaction" : "Submit answer",
    "sampleCount" : 8695,
    "errorCount" : 0,
    "errorPct" : 0.0,
    "meanResTime" : 106.48809660724542,
    "minResTime" : 13.0,
    "maxResTime" : 1756.0,
    "pct1ResTime" : 295.0,
    "pct2ResTime" : 457.1999999999989,
    "pct3ResTime" : 836.0,
    "throughput" : 216.34735008708634,
    "receivedKBytesPerSec" : 82.82046995521274,
    "sentKBytesPerSec" : 209.97945306668328
  },
  "Login as student" : {
    "transaction" : "Login as student",
    "sampleCount" : 1500,
    "errorCount" : 0,
    "errorPct" : 0.0,
    "meanResTime" : 27256.434666666653,
    "minResTime" : 513.0,
    "maxResTime" : 82937.0,
    "pct1ResTime" : 65441.200000000004,
    "pct2ResTime" : 74678.3,
    "pct3ResTime" : 81935.13,
    "throughput" : 14.542916145545504,
    "receivedKBytesPerSec" : 22.023873635995656,
    "sentKBytesPerSec" : 2.1303099822576423
  },
  "Conclude quiz" : {
    "transaction" : "Conclude quiz",
    "sampleCount" : 1500,
    "errorCount" : 0,
    "errorPct" : 0.0,
    "meanResTime" : 106.28066666666672,
    "minResTime" : 20.0,
    "maxResTime" : 1371.0,
    "pct1ResTime" : 291.8000000000002,
    "pct2ResTime" : 406.0,
    "pct3ResTime" : 702.95,
    "throughput" : 37.48687959214275,
    "receivedKBytesPerSec" : 16.290684979007345,
    "sentKBytesPerSec" : 53.27727580503073
  },
  "Login as teacher" : {
    "transaction" : "Login as teacher",
    "sampleCount" : 2,
    "errorCount" : 0,
    "errorPct" : 0.0,
    "meanResTime" : 579.0,
    "minResTime" : 526.0,
    "maxResTime" : 632.0,
    "pct1ResTime" : 632.0,
    "pct2ResTime" : 632.0,
    "pct3ResTime" : 632.0,
    "throughput" : 0.037512191462225224,
    "receivedKBytesPerSec" : 0.05353912873246305,
    "sentKBytesPerSec" : 0.004945454929101958
  },
  "Start quiz by qrcode" : {
    "transaction" : "Start quiz by qrcode",
    "sampleCount" : 1500,
    "errorCount" : 0,
    "errorPct" : 0.0,
    "meanResTime" : 138.5360000000002,
    "minResTime" : 22.0,
    "maxResTime" : 1269.0,
    "pct1ResTime" : 373.8000000000002,
    "pct2ResTime" : 582.9000000000001,
    "pct3ResTime" : 864.8700000000001,
    "throughput" : 40.42908738073419,
    "receivedKBytesPerSec" : 117.78659274601101,
    "sentKBytesPerSec" : 30.67714931135788
  },
  "Create question" : {
    "transaction" : "Create question",
    "sampleCount" : 5,
    "errorCount" : 0,
    "errorPct" : 0.0,
    "meanResTime" : 212.0,
    "minResTime" : 24.0,
    "maxResTime" : 932.0,
    "pct1ResTime" : 932.0,
    "pct2ResTime" : 932.0,
    "pct3ResTime" : 932.0,
    "throughput" : 4.432624113475177,
    "receivedKBytesPerSec" : 4.5330507535460995,
    "sentKBytesPerSec" : 5.484506593528369
  },
  "Total" : {
    "transaction" : "Total",
    "sampleCount" : 22206,
    "errorCount" : 0,
    "errorPct" : 0.0,
    "meanResTime" : 1901.1049265964245,
    "minResTime" : 0.0,
    "maxResTime" : 82937.0,
    "pct1ResTime" : 152.0,
    "pct2ResTime" : 300.9500000000007,
    "pct3ResTime" : 640.9900000000016,
    "throughput" : 126.79506432254345,
    "receivedKBytesPerSec" : 60.761248906188435,
    "sentKBytesPerSec" : 68.16920145153968
  },
  "Generate number of times a student answers to a question" : {
    "transaction" : "Generate number of times a student answers to a question",
    "sampleCount" : 7500,
    "errorCount" : 0,
    "errorPct" : 0.0,
    "meanResTime" : 0.7777333333333335,
    "minResTime" : 0.0,
    "maxResTime" : 33.0,
    "pct1ResTime" : 1.0,
    "pct2ResTime" : 2.0,
    "pct3ResTime" : 6.0,
    "throughput" : 187.18646267501936,
    "receivedKBytesPerSec" : 0.0,
    "sentKBytesPerSec" : 0.0
  },
  "Create quiz" : {
    "transaction" : "Create quiz",
    "sampleCount" : 1,
    "errorCount" : 0,
    "errorPct" : 0.0,
    "meanResTime" : 115.0,
    "minResTime" : 115.0,
    "maxResTime" : 115.0,
    "pct1ResTime" : 115.0,
    "pct2ResTime" : 115.0,
    "pct3ResTime" : 115.0,
    "throughput" : 8.695652173913043,
    "receivedKBytesPerSec" : 32.2265625,
    "sentKBytesPerSec" : 9.493885869565217
  },
  "Calculate Port Number" : {
    "transaction" : "Calculate Port Number",
    "sampleCount" : 1500,
    "errorCount" : 0,
    "errorPct" : 0.0,
    "meanResTime" : 0.8233333333333336,
    "minResTime" : 0.0,
    "maxResTime" : 25.0,
    "pct1ResTime" : 1.0,
    "pct2ResTime" : 1.0,
    "pct3ResTime" : 6.0,
    "throughput" : 41.22917926447144,
    "receivedKBytesPerSec" : 0.0,
    "sentKBytesPerSec" : 0.0
  }
}