{
  "Get list of questions" : {
    "transaction" : "Get list of questions",
    "sampleCount" : 1,
    "errorCount" : 0,
    "errorPct" : 0.0,
    "meanResTime" : 39.0,
    "minResTime" : 39.0,
    "maxResTime" : 39.0,
    "pct1ResTime" : 39.0,
    "pct2ResTime" : 39.0,
    "pct3ResTime" : 39.0,
    "throughput" : 25.64102564102564,
    "receivedKBytesPerSec" : 161.70873397435898,
    "sentKBytesPerSec" : 19.456129807692307
  },
  "Write quiz answers" : {
    "transaction" : "Write quiz answers",
    "sampleCount" : 1,
    "errorCount" : 0,
    "errorPct" : 0.0,
    "meanResTime" : 3965.0,
    "minResTime" : 3965.0,
    "maxResTime" : 3965.0,
    "pct1ResTime" : 3965.0,
    "pct2ResTime" : 3965.0,
    "pct3ResTime" : 3965.0,
    "throughput" : 0.25220680958385877,
    "receivedKBytesPerSec" : 0.09654791929382094,
    "sentKBytesPerSec" : 0.1953125
  },
  "Login as teacher" : {
    "transaction" : "Login as teacher",
    "sampleCount" : 2,
    "errorCount" : 0,
    "errorPct" : 0.0,
    "meanResTime" : 81.5,
    "minResTime" : 74.0,
    "maxResTime" : 89.0,
    "pct1ResTime" : 89.0,
    "pct2ResTime" : 89.0,
    "pct3ResTime" : 89.0,
    "throughput" : 0.19040365575019041,
    "receivedKBytesPerSec" : 0.2710091096249048,
    "sentKBytesPerSec" : 0.025102044459253618
  },
  "Start quiz by qrcode" : {
    "transaction" : "Start quiz by qrcode",
    "sampleCount" : 300,
    "errorCount" : 0,
    "errorPct" : 0.0,
    "meanResTime" : 194.28000000000003,
    "minResTime" : 39.0,
    "maxResTime" : 744.0,
    "pct1ResTime" : 376.90000000000003,
    "pct2ResTime" : 447.34999999999985,
    "pct3ResTime" : 584.8800000000001,
    "throughput" : 33.9943342776204,
    "receivedKBytesPerSec" : 99.02841713881021,
    "sentKBytesPerSec" : 25.761331444759207
  },
  "Create question" : {
    "transaction" : "Create question",
    "sampleCount" : 5,
    "errorCount" : 0,
    "errorPct" : 0.0,
    "meanResTime" : 81.0,
    "minResTime" : 24.0,
    "maxResTime" : 264.0,
    "pct1ResTime" : 264.0,
    "pct2ResTime" : 264.0,
    "pct3ResTime" : 264.0,
    "throughput" : 12.315270935960593,
    "receivedKBytesPerSec" : 12.603910098522167,
    "sentKBytesPerSec" : 15.225715825123151
  },
  "Total" : {
    "transaction" : "Total",
    "sampleCount" : 4096,
    "errorCount" : 0,
    "errorPct" : 0.0,
    "meanResTime" : 243.39379882812514,
    "minResTime" : 0.0,
    "maxResTime" : 4241.0,
    "pct1ResTime" : 388.90000000000055,
    "pct2ResTime" : 1969.1499999999996,
    "pct3ResTime" : 2739.0899999999992,
    "throughput" : 198.10408202747146,
    "receivedKBytesPerSec" : 102.61543614879571,
    "sentKBytesPerSec" : 113.18546412507256
  },
  "Populate quiz" : {
    "transaction" : "Populate quiz",
    "sampleCount" : 1,
    "errorCount" : 0,
    "errorPct" : 0.0,
    "meanResTime" : 673.0,
    "minResTime" : 673.0,
    "maxResTime" : 673.0,
    "pct1ResTime" : 673.0,
    "pct2ResTime" : 673.0,
    "pct3ResTime" : 673.0,
    "throughput" : 1.4858841010401187,
    "receivedKBytesPerSec" : 1.1710043647845467,
    "sentKBytesPerSec" : 1.155042719167905
  },
  "Generate number of times a student answers to a question" : {
    "transaction" : "Generate number of times a student answers to a question",
    "sampleCount" : 1500,
    "errorCount" : 0,
    "errorPct" : 0.0,
    "meanResTime" : 1.3266666666666629,
    "minResTime" : 0.0,
    "maxResTime" : 52.0,
    "pct1ResTime" : 1.0,
    "pct2ResTime" : 4.0,
    "pct3ResTime" : 16.99000000000001,
    "throughput" : 167.52289479562208,
    "receivedKBytesPerSec" : 0.0,
    "sentKBytesPerSec" : 0.0
  },
  "Create quiz" : {
    "transaction" : "Create quiz",
    "sampleCount" : 1,
    "errorCount" : 0,
    "errorPct" : 0.0,
    "meanResTime" : 67.0,
    "minResTime" : 67.0,
    "maxResTime" : 67.0,
    "pct1ResTime" : 67.0,
    "pct2ResTime" : 67.0,
    "pct3ResTime" : 67.0,
    "throughput" : 14.925373134328359,
    "receivedKBytesPerSec" : 55.09561567164179,
    "sentKBytesPerSec" : 16.280900186567163
  },
  "Submit answer" : {
    "transaction" : "Submit answer",
    "sampleCount" : 1685,
    "errorCount" : 0,
    "errorPct" : 0.0,
    "meanResTime" : 133.7062314540061,
    "minResTime" : 15.0,
    "maxResTime" : 679.0,
    "pct1ResTime" : 278.4000000000001,
    "pct2ResTime" : 352.0,
    "pct3ResTime" : 499.5599999999995,
    "throughput" : 187.82744398617768,
    "receivedKBytesPerSec" : 71.90269340095864,
    "sentKBytesPerSec" : 182.14126159987737
  },
  "Login as student" : {
    "transaction" : "Login as student",
    "sampleCount" : 300,
    "errorCount" : 0,
    "errorPct" : 0.0,
    "meanResTime" : 2172.666666666667,
    "minResTime" : 206.0,
    "maxResTime" : 4241.0,
    "pct1ResTime" : 2782.0,
    "pct2ResTime" : 2879.2999999999997,
    "pct3ResTime" : 4047.8700000000017,
    "throughput" : 48.41833440929632,
    "receivedKBytesPerSec" : 73.14525626412201,
    "sentKBytesPerSec" : 7.092529454486766
  },
  "Conclude quiz" : {
    "transaction" : "Conclude quiz",
    "sampleCount" : 300,
    "errorCount" : 0,
    "errorPct" : 0.0,
    "meanResTime" : 180.86666666666684,
    "minResTime" : 16.0,
    "maxResTime" : 626.0,
    "pct1ResTime" : 379.90000000000003,
    "pct2ResTime" : 429.84999999999997,
    "pct3ResTime" : 589.6200000000003,
    "throughput" : 35.88946046177772,
    "receivedKBytesPerSec" : 15.59649404833114,
    "sentKBytesPerSec" : 50.855085087929176
  }
}