{
  "Get list of questions" : {
    "transaction" : "Get list of questions",
    "sampleCount" : 1,
    "errorCount" : 0,
    "errorPct" : 0.0,
    "meanResTime" : 41.0,
    "minResTime" : 41.0,
    "maxResTime" : 41.0,
    "pct1ResTime" : 41.0,
    "pct2ResTime" : 41.0,
    "pct3ResTime" : 41.0,
    "throughput" : 24.390243902439025,
    "receivedKBytesPerSec" : 156.25,
    "sentKBytesPerSec" : 18.43559451219512
  },
  "Write quiz answers" : {
    "transaction" : "Write quiz answers",
    "sampleCount" : 1,
    "errorCount" : 0,
    "errorPct" : 0.0,
    "meanResTime" : 2370.0,
    "minResTime" : 2370.0,
    "maxResTime" : 2370.0,
    "pct1ResTime" : 2370.0,
    "pct2ResTime" : 2370.0,
    "pct3ResTime" : 2370.0,
    "throughput" : 0.4219409282700422,
    "receivedKBytesPerSec" : 0.16152426160337552,
    "sentKBytesPerSec" : 0.3263449367088607
  },
  "Populate quiz" : {
    "transaction" : "Populate quiz",
    "sampleCount" : 1,
    "errorCount" : 0,
    "errorPct" : 0.0,
    "meanResTime" : 1316.0,
    "minResTime" : 1316.0,
    "maxResTime" : 1316.0,
    "pct1ResTime" : 1316.0,
    "pct2ResTime" : 1316.0,
    "pct3ResTime" : 1316.0,
    "throughput" : 0.7598784194528876,
    "receivedKBytesPerSec" : 0.601075702887538,
    "sentKBytesPerSec" : 0.5899446713525835
  },
  "get next quiz question" : {
    "transaction" : "get next quiz question",
    "sampleCount" : 1500,
    "errorCount" : 0,
    "errorPct" : 0.0,
    "meanResTime" : 3.5900000000000003,
    "minResTime" : 0.0,
    "maxResTime" : 64.0,
    "pct1ResTime" : 7.0,
    "pct2ResTime" : 11.0,
    "pct3ResTime" : 31.0,
    "throughput" : 211.118930330753,
    "receivedKBytesPerSec" : 123.08398574947219,
    "sentKBytesPerSec" : 162.8749560168895
  },
  "Submit answer" : {
    "transaction" : "Submit answer",
    "sampleCount" : 1756,
    "errorCount" : 0,
    "errorPct" : 0.0,
    "meanResTime" : 27.15603644646923,
    "minResTime" : 10.0,
    "maxResTime" : 408.0,
    "pct1ResTime" : 42.299999999999955,
    "pct2ResTime" : 71.14999999999986,
    "pct3ResTime" : 179.2900000000002,
    "throughput" : 247.11511398817902,
    "receivedKBytesPerSec" : 50.67790423585702,
    "sentKBytesPerSec" : 240.59938344356883
  },
  "Login as student" : {
    "transaction" : "Login as student",
    "sampleCount" : 300,
    "errorCount" : 0,
    "errorPct" : 0.0,
    "meanResTime" : 1606.2699999999993,
    "minResTime" : 256.0,
    "maxResTime" : 2879.0,
    "pct1ResTime" : 1995.0000000000005,
    "pct2ResTime" : 2069.3999999999996,
    "pct3ResTime" : 2708.970000000001,
    "throughput" : 49.88360492184902,
    "receivedKBytesPerSec" : 75.65339078608247,
    "sentKBytesPerSec" : 7.307168689723977
  },
  "Conclude quiz" : {
    "transaction" : "Conclude quiz",
    "sampleCount" : 300,
    "errorCount" : 0,
    "errorPct" : 0.0,
    "meanResTime" : 36.87000000000006,
    "minResTime" : 15.0,
    "maxResTime" : 134.0,
    "pct1ResTime" : 51.900000000000034,
    "pct2ResTime" : 67.0,
    "pct3ResTime" : 122.97000000000003,
    "throughput" : 45.66905160602831,
    "receivedKBytesPerSec" : 19.84641402801035,
    "sentKBytesPerSec" : 65.82765641650175
  },
  "Login as teacher" : {
    "transaction" : "Login as teacher",
    "sampleCount" : 2,
    "errorCount" : 0,
    "errorPct" : 0.0,
    "meanResTime" : 119.5,
    "minResTime" : 119.0,
    "maxResTime" : 120.0,
    "pct1ResTime" : 120.0,
    "pct2ResTime" : 120.0,
    "pct3ResTime" : 120.0,
    "throughput" : 0.21661431820643343,
    "receivedKBytesPerSec" : 0.30683502788909345,
    "sentKBytesPerSec" : 0.02855755171666847
  },
  "Start quiz by qrcode" : {
    "transaction" : "Start quiz by qrcode",
    "sampleCount" : 300,
    "errorCount" : 0,
    "errorPct" : 0.0,
    "meanResTime" : 5.253333333333331,
    "minResTime" : 1.0,
    "maxResTime" : 57.0,
    "pct1ResTime" : 11.0,
    "pct2ResTime" : 18.0,
    "pct3ResTime" : 42.0,
    "throughput" : 42.492917847025495,
    "receivedKBytesPerSec" : 128.43318431303118,
    "sentKBytesPerSec" : 32.28465828611898
  },
  "Create question" : {
    "transaction" : "Create question",
    "sampleCount" : 5,
    "errorCount" : 0,
    "errorPct" : 0.0,
    "meanResTime" : 59.0,
    "minResTime" : 24.0,
    "maxResTime" : 175.0,
    "pct1ResTime" : 175.0,
    "pct2ResTime" : 175.0,
    "pct3ResTime" : 175.0,
    "throughput" : 16.89189189189189,
    "receivedKBytesPerSec" : 17.43625950168919,
    "sentKBytesPerSec" : 20.83443306587838
  },
  "Total" : {
    "transaction" : "Total",
    "sampleCount" : 5967,
    "errorCount" : 0,
    "errorPct" : 0.0,
    "meanResTime" : 92.75096363331676,
    "minResTime" : 0.0,
    "maxResTime" : 2879.0,
    "pct1ResTime" : 40.0,
    "pct2ResTime" : 787.99999999994,
    "pct3ResTime" : 1863.6399999999994,
    "throughput" : 338.59161323270723,
    "receivedKBytesPerSec" : 155.82242488509334,
    "sentKBytesPerSec" : 203.20357717897065
  },
  "Generate number of times a student answers to a question" : {
    "transaction" : "Generate number of times a student answers to a question",
    "sampleCount" : 1500,
    "errorCount" : 0,
    "errorPct" : 0.0,
    "meanResTime" : 0.7999999999999989,
    "minResTime" : 0.0,
    "maxResTime" : 17.0,
    "pct1ResTime" : 1.0,
    "pct2ResTime" : 2.0,
    "pct3ResTime" : 5.990000000000009,
    "throughput" : 211.20811039143902,
    "receivedKBytesPerSec" : 0.0,
    "sentKBytesPerSec" : 0.0
  },
  "Create quiz" : {
    "transaction" : "Create quiz",
    "sampleCount" : 1,
    "errorCount" : 0,
    "errorPct" : 0.0,
    "meanResTime" : 87.0,
    "minResTime" : 87.0,
    "maxResTime" : 87.0,
    "pct1ResTime" : 87.0,
    "pct2ResTime" : 87.0,
    "pct3ResTime" : 87.0,
    "throughput" : 11.494252873563218,
    "receivedKBytesPerSec" : 43.294270833333336,
    "sentKBytesPerSec" : 12.616738505747128
  },
  "Calculate Port Number" : {
    "transaction" : "Calculate Port Number",
    "sampleCount" : 300,
    "errorCount" : 0,
    "errorPct" : 0.0,
    "meanResTime" : 1.0266666666666666,
    "minResTime" : 0.0,
    "maxResTime" : 17.0,
    "pct1ResTime" : 1.0,
    "pct2ResTime" : 2.9499999999999886,
    "pct3ResTime" : 8.0,
    "throughput" : 42.4868998725393,
    "receivedKBytesPerSec" : 0.0,
    "sentKBytesPerSec" : 0.0
  }
}