{
  "Get list of questions" : {
    "transaction" : "Get list of questions",
    "sampleCount" : 1,
    "errorCount" : 0,
    "errorPct" : 0.0,
    "meanResTime" : 49.0,
    "minResTime" : 49.0,
    "maxResTime" : 49.0,
    "pct1ResTime" : 49.0,
    "pct2ResTime" : 49.0,
    "pct3ResTime" : 49.0,
    "throughput" : 20.408163265306122,
    "receivedKBytesPerSec" : 128.92617984693877,
    "sentKBytesPerSec" : 15.485491071428571
  },
  "Write quiz answers" : {
    "transaction" : "Write quiz answers",
    "sampleCount" : 1,
    "errorCount" : 0,
    "errorPct" : 0.0,
    "meanResTime" : 5637.0,
    "minResTime" : 5637.0,
    "maxResTime" : 5637.0,
    "pct1ResTime" : 5637.0,
    "pct2ResTime" : 5637.0,
    "pct3ResTime" : 5637.0,
    "throughput" : 0.17739932588256163,
    "receivedKBytesPerSec" : 0.06791067943941814,
    "sentKBytesPerSec" : 0.13738053264147598
  },
  "Login as teacher" : {
    "transaction" : "Login as teacher",
    "sampleCount" : 2,
    "errorCount" : 0,
    "errorPct" : 0.0,
    "meanResTime" : 150.5,
    "minResTime" : 133.0,
    "maxResTime" : 168.0,
    "pct1ResTime" : 168.0,
    "pct2ResTime" : 168.0,
    "pct3ResTime" : 168.0,
    "throughput" : 0.12291807510294388,
    "receivedKBytesPerSec" : 0.1749541938110749,
    "sentKBytesPerSec" : 0.016205019666892015
  },
  "Start quiz by qrcode" : {
    "transaction" : "Start quiz by qrcode",
    "sampleCount" : 600,
    "errorCount" : 0,
    "errorPct" : 0.0,
    "meanResTime" : 104.49500000000012,
    "minResTime" : 26.0,
    "maxResTime" : 451.0,
    "pct1ResTime" : 211.0,
    "pct2ResTime" : 276.89999999999986,
    "pct3ResTime" : 404.95000000000005,
    "throughput" : 42.610610041900436,
    "receivedKBytesPerSec" : 124.3023760963355,
    "sentKBytesPerSec" : 32.32573758522122
  },
  "Create question" : {
    "transaction" : "Create question",
    "sampleCount" : 5,
    "errorCount" : 0,
    "errorPct" : 0.0,
    "meanResTime" : 67.0,
    "minResTime" : 32.0,
    "maxResTime" : 177.0,
    "pct1ResTime" : 177.0,
    "pct2ResTime" : 177.0,
    "pct3ResTime" : 177.0,
    "throughput" : 14.792899408284024,
    "receivedKBytesPerSec" : 15.14249722633136,
    "sentKBytesPerSec" : 18.288877588757394
  },
  "Total" : {
    "transaction" : "Total",
    "sampleCount" : 8214,
    "errorCount" : 0,
    "errorPct" : 0.0,
    "meanResTime" : 336.10640370099964,
    "minResTime" : 0.0,
    "maxResTime" : 10414.0,
    "pct1ResTime" : 216.0,
    "pct2ResTime" : 2217.5,
    "pct3ResTime" : 7275.950000000003,
    "throughput" : 220.45680238331678,
    "receivedKBytesPerSec" : 113.82382549350493,
    "sentKBytesPerSec" : 126.42724534676185
  },
  "Populate quiz" : {
    "transaction" : "Populate quiz",
    "sampleCount" : 1,
    "errorCount" : 0,
    "errorPct" : 0.0,
    "meanResTime" : 1212.0,
    "minResTime" : 1212.0,
    "maxResTime" : 1212.0,
    "pct1ResTime" : 1212.0,
    "pct2ResTime" : 1212.0,
    "pct3ResTime" : 1212.0,
    "throughput" : 0.8250825082508251,
    "receivedKBytesPerSec" : 0.650235922029703,
    "sentKBytesPerSec" : 0.6413727310231023
  },
  "Generate number of times a student answers to a question" : {
    "transaction" : "Generate number of times a student answers to a question",
    "sampleCount" : 3000,
    "errorCount" : 0,
    "errorPct" : 0.0,
    "meanResTime" : 0.896666666666669,
    "minResTime" : 0.0,
    "maxResTime" : 57.0,
    "pct1ResTime" : 1.0,
    "pct2ResTime" : 1.0,
    "pct3ResTime" : 10.0,
    "throughput" : 212.26915729144554,
    "receivedKBytesPerSec" : 0.0,
    "sentKBytesPerSec" : 0.0
  },
  "Create quiz" : {
    "transaction" : "Create quiz",
    "sampleCount" : 1,
    "errorCount" : 0,
    "errorPct" : 0.0,
    "meanResTime" : 62.0,
    "minResTime" : 62.0,
    "maxResTime" : 62.0,
    "pct1ResTime" : 62.0,
    "pct2ResTime" : 62.0,
    "pct3ResTime" : 62.0,
    "throughput" : 16.129032258064516,
    "receivedKBytesPerSec" : 59.69632056451613,
    "sentKBytesPerSec" : 17.593876008064516
  },
  "Submit answer" : {
    "transaction" : "Submit answer",
    "sampleCount" : 3403,
    "errorCount" : 0,
    "errorPct" : 0.0,
    "meanResTime" : 68.40023508668835,
    "minResTime" : 14.0,
    "maxResTime" : 577.0,
    "pct1ResTime" : 133.0,
    "pct2ResTime" : 186.0,
    "pct3ResTime" : 302.96000000000004,
    "throughput" : 240.66478076379067,
    "receivedKBytesPerSec" : 92.12948638613861,
    "sentKBytesPerSec" : 233.73346612004948
  },
  "Login as student" : {
    "transaction" : "Login as student",
    "sampleCount" : 600,
    "errorCount" : 0,
    "errorPct" : 0.0,
    "meanResTime" : 4001.9749999999995,
    "minResTime" : 295.0,
    "maxResTime" : 10414.0,
    "pct1ResTime" : 7720.7,
    "pct2ResTime" : 8311.55,
    "pct3ResTime" : 8607.87,
    "throughput" : 39.108330074305826,
    "receivedKBytesPerSec" : 59.18737676802242,
    "sentKBytesPerSec" : 5.728759288228392
  },
  "Conclude quiz" : {
    "transaction" : "Conclude quiz",
    "sampleCount" : 600,
    "errorCount" : 0,
    "errorPct" : 0.0,
    "meanResTime" : 89.74000000000008,
    "minResTime" : 15.0,
    "maxResTime" : 592.0,
    "pct1ResTime" : 188.89999999999998,
    "pct2ResTime" : 257.74999999999966,
    "pct3ResTime" : 394.8700000000001,
    "throughput" : 43.069413538152325,
    "receivedKBytesPerSec" : 18.716688500466585,
    "sentKBytesPerSec" : 61.20490329570742
  }
}