{
  "Get list of questions" : {
    "transaction" : "Get list of questions",
    "sampleCount" : 1,
    "errorCount" : 0,
    "errorPct" : 0.0,
    "meanResTime" : 37.0,
    "minResTime" : 37.0,
    "maxResTime" : 37.0,
    "pct1ResTime" : 37.0,
    "pct2ResTime" : 37.0,
    "pct3ResTime" : 37.0,
    "throughput" : 27.027027027027028,
    "receivedKBytesPerSec" : 171.37352195945948,
    "sentKBytesPerSec" : 20.5078125
  },
  "Write quiz answers" : {
    "transaction" : "Write quiz answers",
    "sampleCount" : 1,
    "errorCount" : 0,
    "errorPct" : 0.0,
    "meanResTime" : 13969.0,
    "minResTime" : 13969.0,
    "maxResTime" : 13969.0,
    "pct1ResTime" : 13969.0,
    "pct2ResTime" : 13969.0,
    "pct3ResTime" : 13969.0,
    "throughput" : 0.07158708568974158,
    "receivedKBytesPerSec" : 0.027404431240604196,
    "sentKBytesPerSec" : 0.05543804585152839
  },
  "Populate quiz" : {
    "transaction" : "Populate quiz",
    "sampleCount" : 1,
    "errorCount" : 0,
    "errorPct" : 0.0,
    "meanResTime" : 2523.0,
    "minResTime" : 2523.0,
    "maxResTime" : 2523.0,
    "pct1ResTime" : 2523.0,
    "pct2ResTime" : 2523.0,
    "pct3ResTime" : 2523.0,
    "throughput" : 0.39635354736424894,
    "receivedKBytesPerSec" : 0.3127477209671026,
    "sentKBytesPerSec" : 0.30810295283392786
  },
  "Submit answer" : {
    "transaction" : "Submit answer",
    "sampleCount" : 8561,
    "errorCount" : 0,
    "errorPct" : 0.0,
    "meanResTime" : 38.084686368414935,
    "minResTime" : 12.0,
    "maxResTime" : 305.0,
    "pct1ResTime" : 64.0,
    "pct2ResTime" : 80.0,
    "pct3ResTime" : 128.0,
    "throughput" : 289.5849541656801,
    "receivedKBytesPerSec" : 110.85674026654941,
    "sentKBytesPerSec" : 281.38381776840987
  },
  "Login as student" : {
    "transaction" : "Login as student",
    "sampleCount" : 1500,
    "errorCount" : 0,
    "errorPct" : 0.0,
    "meanResTime" : 20423.47666666667,
    "minResTime" : 274.0,
    "maxResTime" : 66461.0,
    "pct1ResTime" : 53728.30000000002,
    "pct2ResTime" : 60450.35,
    "pct3ResTime" : 66122.58,
    "throughput" : 18.28019888856391,
    "receivedKBytesPerSec" : 27.682980982499757,
    "sentKBytesPerSec" : 2.677763509066979
  },
  "Conclude quiz" : {
    "transaction" : "Conclude quiz",
    "sampleCount" : 1500,
    "errorCount" : 0,
    "errorPct" : 0.0,
    "meanResTime" : 45.49866666666662,
    "minResTime" : 15.0,
    "maxResTime" : 297.0,
    "pct1ResTime" : 74.90000000000009,
    "pct2ResTime" : 95.95000000000005,
    "pct3ResTime" : 185.0,
    "throughput" : 51.18580447022692,
    "receivedKBytesPerSec" : 22.24383104419041,
    "sentKBytesPerSec" : 73.22969096570552
  },
  "Login as teacher" : {
    "transaction" : "Login as teacher",
    "sampleCount" : 2,
    "errorCount" : 0,
    "errorPct" : 0.0,
    "meanResTime" : 423.5,
    "minResTime" : 415.0,
    "maxResTime" : 432.0,
    "pct1ResTime" : 432.0,
    "pct2ResTime" : 432.0,
    "pct3ResTime" : 432.0,
    "throughput" : 0.059656972408650255,
    "receivedKBytesPerSec" : 0.08497040454884415,
    "sentKBytesPerSec" : 0.007864932885906041
  },
  "Start quiz by qrcode" : {
    "transaction" : "Start quiz by qrcode",
    "sampleCount" : 1500,
    "errorCount" : 0,
    "errorPct" : 0.0,
    "meanResTime" : 56.449999999999946,
    "minResTime" : 20.0,
    "maxResTime" : 278.0,
    "pct1ResTime" : 91.0,
    "pct2ResTime" : 123.95000000000005,
    "pct3ResTime" : 218.96000000000004,
    "throughput" : 50.87332541970493,
    "receivedKBytesPerSec" : 150.18560814821095,
    "sentKBytesPerSec" : 38.602122901475326
  },
  "Create question" : {
    "transaction" : "Create question",
    "sampleCount" : 5,
    "errorCount" : 0,
    "errorPct" : 0.0,
    "meanResTime" : 55.0,
    "minResTime" : 23.0,
    "maxResTime" : 150.0,
    "pct1ResTime" : 150.0,
    "pct2ResTime" : 150.0,
    "pct3ResTime" : 150.0,
    "throughput" : 18.050541516245488,
    "receivedKBytesPerSec" : 18.544111010830324,
    "sentKBytesPerSec" : 22.31639214801444
  },
  "Total" : {
    "transaction" : "Total",
    "sampleCount" : 22072,
    "errorCount" : 0,
    "errorPct" : 0.0,
    "meanResTime" : 1410.670532801745,
    "minResTime" : 0.0,
    "maxResTime" : 66461.0,
    "pct1ResTime" : 53.0,
    "pct2ResTime" : 67.0,
    "pct3ResTime" : 108.0,
    "throughput" : 170.3664824477446,
    "receivedKBytesPerSec" : 82.18938474240868,
    "sentKBytesPerSec" : 91.32967687476844
  },
  "Generate number of times a student answers to a question" : {
    "transaction" : "Generate number of times a student answers to a question",
    "sampleCount" : 7500,
    "errorCount" : 0,
    "errorPct" : 0.0,
    "meanResTime" : 0.4820000000000012,
    "minResTime" : 0.0,
    "maxResTime" : 37.0,
    "pct1ResTime" : 1.0,
    "pct2ResTime" : 1.0,
    "pct3ResTime" : 2.0,
    "throughput" : 253.6954977505666,
    "receivedKBytesPerSec" : 0.0,
    "sentKBytesPerSec" : 0.0
  },
  "Create quiz" : {
    "transaction" : "Create quiz",
    "sampleCount" : 1,
    "errorCount" : 0,
    "errorPct" : 0.0,
    "meanResTime" : 60.0,
    "minResTime" : 60.0,
    "maxResTime" : 60.0,
    "pct1ResTime" : 60.0,
    "pct2ResTime" : 60.0,
    "pct3ResTime" : 60.0,
    "throughput" : 16.666666666666668,
    "receivedKBytesPerSec" : 62.32096354166667,
    "sentKBytesPerSec" : 18.26171875
  },
  "Calculate Port Number" : {
    "transaction" : "Calculate Port Number",
    "sampleCount" : 1500,
    "errorCount" : 0,
    "errorPct" : 0.0,
    "meanResTime" : 0.5419999999999999,
    "minResTime" : 0.0,
    "maxResTime" : 22.0,
    "pct1ResTime" : 1.0,
    "pct2ResTime" : 1.0,
    "pct3ResTime" : 2.0,
    "throughput" : 50.97706032285471,
    "receivedKBytesPerSec" : 0.0,
    "sentKBytesPerSec" : 0.0
  }
}