{
  "Get list of questions" : {
    "transaction" : "Get list of questions",
    "sampleCount" : 1,
    "errorCount" : 0,
    "errorPct" : 0.0,
    "meanResTime" : 33.0,
    "minResTime" : 33.0,
    "maxResTime" : 33.0,
    "pct1ResTime" : 33.0,
    "pct2ResTime" : 33.0,
    "pct3ResTime" : 33.0,
    "throughput" : 30.303030303030305,
    "receivedKBytesPerSec" : 192.11647727272725,
    "sentKBytesPerSec" : 22.904829545454543
  },
  "Write quiz answers" : {
    "transaction" : "Write quiz answers",
    "sampleCount" : 1,
    "errorCount" : 0,
    "errorPct" : 0.0,
    "meanResTime" : 1287.0,
    "minResTime" : 1287.0,
    "maxResTime" : 1287.0,
    "pct1ResTime" : 1287.0,
    "pct2ResTime" : 1287.0,
    "pct3ResTime" : 1287.0,
    "throughput" : 0.777000777000777,
    "receivedKBytesPerSec" : 0.29744560994561,
    "sentKBytesPerSec" : 0.6002027486402487
  },
  "Populate quiz" : {
    "transaction" : "Populate quiz",
    "sampleCount" : 1,
    "errorCount" : 0,
    "errorPct" : 0.0,
    "meanResTime" : 4792.0,
    "minResTime" : 4792.0,
    "maxResTime" : 4792.0,
    "pct1ResTime" : 4792.0,
    "pct2ResTime" : 4792.0,
    "pct3ResTime" : 4792.0,
    "throughput" : 0.20868113522537562,
    "receivedKBytesPerSec" : 0.1687382616861436,
    "sentKBytesPerSec" : 0.16180939586811352
  },
  "get next quiz question" : {
    "transaction" : "get next quiz question",
    "sampleCount" : 7500,
    "errorCount" : 0,
    "errorPct" : 0.0,
    "meanResTime" : 1.6228000000000002,
    "minResTime" : 0.0,
    "maxResTime" : 40.0,
    "pct1ResTime" : 3.0,
    "pct2ResTime" : 4.0,
    "pct3ResTime" : 9.0,
    "throughput" : 373.02297821545807,
    "receivedKBytesPerSec" : 216.0181895329752,
    "sentKBytesPerSec" : 286.68855845270065
  },
  "Submit answer" : {
    "transaction" : "Submit answer",
    "sampleCount" : 8626,
    "errorCount" : 0,
    "errorPct" : 0.0,
    "meanResTime" : 18.262578251796878,
    "minResTime" : 6.0,
    "maxResTime" : 266.0,
    "pct1ResTime" : 22.0,
    "pct2ResTime" : 29.649999999999636,
    "pct3ResTime" : 60.0,
    "throughput" : 429.04750062173594,
    "receivedKBytesPerSec" : 87.98825696344193,
    "sentKBytesPerSec" : 417.7347247264362
  },
  "Login as student" : {
    "transaction" : "Login as student",
    "sampleCount" : 1500,
    "errorCount" : 0,
    "errorPct" : 0.0,
    "meanResTime" : 24246.97600000002,
    "minResTime" : 594.0,
    "maxResTime" : 83069.0,
    "pct1ResTime" : 65291.60000000002,
    "pct2ResTime" : 74469.35,
    "pct3ResTime" : 82326.44,
    "throughput" : 14.285850341431823,
    "receivedKBytesPerSec" : 21.63387419165897,
    "sentKBytesPerSec" : 2.0926538586081773
  },
  "Conclude quiz" : {
    "transaction" : "Conclude quiz",
    "sampleCount" : 1500,
    "errorCount" : 0,
    "errorPct" : 0.0,
    "meanResTime" : 29.03333333333334,
    "minResTime" : 15.0,
    "maxResTime" : 263.0,
    "pct1ResTime" : 36.0,
    "pct2ResTime" : 56.0,
    "pct3ResTime" : 101.97000000000003,
    "throughput" : 75.4565118969767,
    "receivedKBytesPerSec" : 32.79115995522913,
    "sentKBytesPerSec" : 108.10029585240706
  },
  "Login as teacher" : {
    "transaction" : "Login as teacher",
    "sampleCount" : 2,
    "errorCount" : 0,
    "errorPct" : 0.0,
    "meanResTime" : 677.0,
    "minResTime" : 654.0,
    "maxResTime" : 700.0,
    "pct1ResTime" : 700.0,
    "pct2ResTime" : 700.0,
    "pct3ResTime" : 700.0,
    "throughput" : 0.07484189649365715,
    "receivedKBytesPerSec" : 0.10608692652396812,
    "sentKBytesPerSec" : 0.009866851588519254
  },
  "Start quiz by qrcode" : {
    "transaction" : "Start quiz by qrcode",
    "sampleCount" : 1500,
    "errorCount" : 0,
    "errorPct" : 0.0,
    "meanResTime" : 2.0653333333333324,
    "minResTime" : 0.0,
    "maxResTime" : 52.0,
    "pct1ResTime" : 3.0,
    "pct2ResTime" : 5.0,
    "pct3ResTime" : 14.0,
    "throughput" : 74.63800567248843,
    "receivedKBytesPerSec" : 230.47399798477383,
    "sentKBytesPerSec" : 56.4887249962681
  },
  "Create question" : {
    "transaction" : "Create question",
    "sampleCount" : 5,
    "errorCount" : 0,
    "errorPct" : 0.0,
    "meanResTime" : 52.4,
    "minResTime" : 16.0,
    "maxResTime" : 161.0,
    "pct1ResTime" : 161.0,
    "pct2ResTime" : 161.0,
    "pct3ResTime" : 161.0,
    "throughput" : 18.796992481203006,
    "receivedKBytesPerSec" : 19.329329182330827,
    "sentKBytesPerSec" : 23.184181156015036
  },
  "Total" : {
    "transaction" : "Total",
    "sampleCount" : 29637,
    "errorCount" : 0,
    "errorPct" : 0.0,
    "meanResTime" : 1234.9248237000975,
    "minResTime" : 0.0,
    "maxResTime" : 83069.0,
    "pct1ResTime" : 18.0,
    "pct2ResTime" : 24.0,
    "pct3ResTime" : 48.0,
    "throughput" : 222.80945757997216,
    "receivedKBytesPerSec" : 102.89639267657785,
    "sentKBytesPerSec" : 132.89068960737512
  },
  "Generate number of times a student answers to a question" : {
    "transaction" : "Generate number of times a student answers to a question",
    "sampleCount" : 7500,
    "errorCount" : 0,
    "errorPct" : 0.0,
    "meanResTime" : 0.5377333333333324,
    "minResTime" : 0.0,
    "maxResTime" : 35.0,
    "pct1ResTime" : 1.0,
    "pct2ResTime" : 1.0,
    "pct3ResTime" : 2.0,
    "throughput" : 373.0972042582828,
    "receivedKBytesPerSec" : 0.0,
    "sentKBytesPerSec" : 0.0
  },
  "Create quiz" : {
    "transaction" : "Create quiz",
    "sampleCount" : 1,
    "errorCount" : 0,
    "errorPct" : 0.0,
    "meanResTime" : 40.0,
    "minResTime" : 40.0,
    "maxResTime" : 40.0,
    "pct1ResTime" : 40.0,
    "pct2ResTime" : 40.0,
    "pct3ResTime" : 40.0,
    "throughput" : 25.0,
    "receivedKBytesPerSec" : 94.091796875,
    "sentKBytesPerSec" : 27.44140625
  },
  "Calculate Port Number" : {
    "transaction" : "Calculate Port Number",
    "sampleCount" : 1500,
    "errorCount" : 0,
    "errorPct" : 0.0,
    "meanResTime" : 0.5666666666666667,
    "minResTime" : 0.0,
    "maxResTime" : 18.0,
    "pct1ResTime" : 1.0,
    "pct2ResTime" : 1.0,
    "pct3ResTime" : 3.0,
    "throughput" : 74.62686567164178,
    "receivedKBytesPerSec" : 0.0,
    "sentKBytesPerSec" : 0.0
  }
}