{
  "Get list of questions" : {
    "transaction" : "Get list of questions",
    "sampleCount" : 1,
    "errorCount" : 0,
    "errorPct" : 0.0,
    "meanResTime" : 70.0,
    "minResTime" : 70.0,
    "maxResTime" : 70.0,
    "pct1ResTime" : 70.0,
    "pct2ResTime" : 70.0,
    "pct3ResTime" : 70.0,
    "throughput" : 14.285714285714285,
    "receivedKBytesPerSec" : 218.98716517857142,
    "sentKBytesPerSec" : 10.839843749999998
  },
  "Write quiz answers" : {
    "transaction" : "Write quiz answers",
    "sampleCount" : 1,
    "errorCount" : 0,
    "errorPct" : 0.0,
    "meanResTime" : 2897.0,
    "minResTime" : 2897.0,
    "maxResTime" : 2897.0,
    "pct1ResTime" : 2897.0,
    "pct2ResTime" : 2897.0,
    "pct3ResTime" : 2897.0,
    "throughput" : 0.34518467380048323,
    "receivedKBytesPerSec" : 0.13214100793924752,
    "sentKBytesPerSec" : 0.26799005436658613
  },
  "Login as teacher" : {
    "transaction" : "Login as teacher",
    "sampleCount" : 2,
    "errorCount" : 0,
    "errorPct" : 0.0,
    "meanResTime" : 125.0,
    "minResTime" : 108.0,
    "maxResTime" : 142.0,
    "pct1ResTime" : 142.0,
    "pct2ResTime" : 142.0,
    "pct3ResTime" : 142.0,
    "throughput" : 0.24348672997321646,
    "receivedKBytesPerSec" : 0.34668325420014606,
    "sentKBytesPerSec" : 0.0316247412953494
  },
  "Start quiz by qrcode" : {
    "transaction" : "Start quiz by qrcode",
    "sampleCount" : 300,
    "errorCount" : 0,
    "errorPct" : 0.0,
    "meanResTime" : 192.28333333333325,
    "minResTime" : 31.0,
    "maxResTime" : 826.0,
    "pct1ResTime" : 425.90000000000003,
    "pct2ResTime" : 512.8,
    "pct3ResTime" : 677.9200000000001,
    "throughput" : 47.43833017077799,
    "receivedKBytesPerSec" : 141.15682815464896,
    "sentKBytesPerSec" : 36.134665559772294
  },
  "Create question" : {
    "transaction" : "Create question",
    "sampleCount" : 5,
    "errorCount" : 0,
    "errorPct" : 0.0,
    "meanResTime" : 45.4,
    "minResTime" : 24.0,
    "maxResTime" : 107.0,
    "pct1ResTime" : 107.0,
    "pct2ResTime" : 107.0,
    "pct3ResTime" : 107.0,
    "throughput" : 21.83406113537118,
    "receivedKBytesPerSec" : 22.537697871179038,
    "sentKBytesPerSec" : 26.99406386462882
  },
  "Total" : {
    "transaction" : "Total",
    "sampleCount" : 4159,
    "errorCount" : 0,
    "errorPct" : 0.0,
    "meanResTime" : 230.60831930752644,
    "minResTime" : 0.0,
    "maxResTime" : 5147.0,
    "pct1ResTime" : 391.0,
    "pct2ResTime" : 1811.0,
    "pct3ResTime" : 3127.599999999995,
    "throughput" : 234.1515595090643,
    "receivedKBytesPerSec" : 122.49696068151108,
    "sentKBytesPerSec" : 136.39508017467065
  },
  "Populate quiz" : {
    "transaction" : "Populate quiz",
    "sampleCount" : 1,
    "errorCount" : 0,
    "errorPct" : 0.0,
    "meanResTime" : 610.0,
    "minResTime" : 610.0,
    "maxResTime" : 610.0,
    "pct1ResTime" : 610.0,
    "pct2ResTime" : 610.0,
    "pct3ResTime" : 610.0,
    "throughput" : 1.639344262295082,
    "receivedKBytesPerSec" : 1.2967469262295082,
    "sentKBytesPerSec" : 1.2775358606557377
  },
  "Generate number of times a student answers to a question" : {
    "transaction" : "Generate number of times a student answers to a question",
    "sampleCount" : 1500,
    "errorCount" : 0,
    "errorPct" : 0.0,
    "meanResTime" : 1.1053333333333315,
    "minResTime" : 0.0,
    "maxResTime" : 53.0,
    "pct1ResTime" : 1.0,
    "pct2ResTime" : 2.0,
    "pct3ResTime" : 11.0,
    "throughput" : 218.37239772892704,
    "receivedKBytesPerSec" : 0.0,
    "sentKBytesPerSec" : 0.0
  },
  "Create quiz" : {
    "transaction" : "Create quiz",
    "sampleCount" : 1,
    "errorCount" : 0,
    "errorPct" : 0.0,
    "meanResTime" : 34.0,
    "minResTime" : 34.0,
    "maxResTime" : 34.0,
    "pct1ResTime" : 34.0,
    "pct2ResTime" : 34.0,
    "pct3ResTime" : 34.0,
    "throughput" : 29.41176470588235,
    "receivedKBytesPerSec" : 110.78239889705881,
    "sentKBytesPerSec" : 32.37017463235294
  },
  "Submit answer" : {
    "transaction" : "Submit answer",
    "sampleCount" : 1748,
    "errorCount" : 0,
    "errorPct" : 0.0,
    "meanResTime" : 109.3770022883294,
    "minResTime" : 16.0,
    "maxResTime" : 684.0,
    "pct1ResTime" : 281.10000000000014,
    "pct2ResTime" : 368.0,
    "pct3ResTime" : 520.53,
    "throughput" : 253.25992465951896,
    "receivedKBytesPerSec" : 96.9510649087221,
    "sentKBytesPerSec" : 247.3241451753115
  },
  "Login as student" : {
    "transaction" : "Login as student",
    "sampleCount" : 300,
    "errorCount" : 0,
    "errorPct" : 0.0,
    "meanResTime" : 2235.6100000000006,
    "minResTime" : 470.0,
    "maxResTime" : 5147.0,
    "pct1ResTime" : 3215.2000000000003,
    "pct2ResTime" : 3331.6,
    "pct3ResTime" : 5093.77,
    "throughput" : 45.18072289156626,
    "receivedKBytesPerSec" : 68.57071842055723,
    "sentKBytesPerSec" : 6.530026355421687
  },
  "Conclude quiz" : {
    "transaction" : "Conclude quiz",
    "sampleCount" : 300,
    "errorCount" : 0,
    "errorPct" : 0.0,
    "meanResTime" : 112.65000000000003,
    "minResTime" : 15.0,
    "maxResTime" : 513.0,
    "pct1ResTime" : 281.7000000000001,
    "pct2ResTime" : 358.79999999999995,
    "pct3ResTime" : 467.7600000000002,
    "throughput" : 45.37891393132658,
    "receivedKBytesPerSec" : 19.720328808047196,
    "sentKBytesPerSec" : 65.63102688700651
  }
}