{
  "Get list of questions" : {
    "transaction" : "Get list of questions",
    "sampleCount" : 1,
    "errorCount" : 0,
    "errorPct" : 0.0,
    "meanResTime" : 37.0,
    "minResTime" : 37.0,
    "maxResTime" : 37.0,
    "pct1ResTime" : 37.0,
    "pct2ResTime" : 37.0,
    "pct3ResTime" : 37.0,
    "throughput" : 27.027027027027028,
    "receivedKBytesPerSec" : 173.1418918918919,
    "sentKBytesPerSec" : 20.428631756756758
  },
  "Populate quiz" : {
    "transaction" : "Populate quiz",
    "sampleCount" : 1,
    "errorCount" : 0,
    "errorPct" : 0.0,
    "meanResTime" : 1952.0,
    "minResTime" : 1952.0,
    "maxResTime" : 1952.0,
    "pct1ResTime" : 1952.0,
    "pct2ResTime" : 1952.0,
    "pct3ResTime" : 1952.0,
    "throughput" : 0.5122950819672132,
    "receivedKBytesPerSec" : 0.40523341444672134,
    "sentKBytesPerSec" : 0.3977290919569672
  },
  "get next quiz question" : {
    "transaction" : "get next quiz question",
    "sampleCount" : 3000,
    "errorCount" : 0,
    "errorPct" : 0.0,
    "meanResTime" : 10.311333333333327,
    "minResTime" : 0.0,
    "maxResTime" : 1059.0,
    "pct1ResTime" : 18.0,
    "pct2ResTime" : 27.0,
    "pct3ResTime" : 107.96999999999935,
    "throughput" : 89.26711696967894,
    "receivedKBytesPerSec" : 52.043426592674145,
    "sentKBytesPerSec" : 68.69383610557324
  },
  "Submit answer" : {
    "transaction" : "Submit answer",
    "sampleCount" : 3510,
    "errorCount" : 1,
    "errorPct" : 0.02849003,
    "meanResTime" : 3974.072649572645,
    "minResTime" : 647.0,
    "maxResTime" : 9554.0,
    "pct1ResTime" : 5665.6,
    "pct2ResTime" : 6319.5999999999985,
    "pct3ResTime" : 7562.259999999996,
    "throughput" : 101.19648262937869,
    "receivedKBytesPerSec" : 20.757042174210753,
    "sentKBytesPerSec" : 98.72586537768487
  },
  "Login as student" : {
    "transaction" : "Login as student",
    "sampleCount" : 600,
    "errorCount" : 0,
    "errorPct" : 0.0,
    "meanResTime" : 2751.645,
    "minResTime" : 419.0,
    "maxResTime" : 10193.0,
    "pct1ResTime" : 6514.9,
    "pct2ResTime" : 7365.8499999999985,
    "pct3ResTime" : 7765.72,
    "throughput" : 35.0426352061675,
    "receivedKBytesPerSec" : 53.05394512542343,
    "sentKBytesPerSec" : 5.133198516528443
  },
  "Conclude quiz" : {
    "transaction" : "Conclude quiz",
    "sampleCount" : 600,
    "errorCount" : 0,
    "errorPct" : 0.0,
    "meanResTime" : 227.76166666666666,
    "minResTime" : 47.0,
    "maxResTime" : 4937.0,
    "pct1ResTime" : 347.9,
    "pct2ResTime" : 400.7999999999997,
    "pct3ResTime" : 489.0,
    "throughput" : 19.097940605404716,
    "receivedKBytesPerSec" : 8.299398016997166,
    "sentKBytesPerSec" : 27.490590285514212
  },
  "Login as teacher" : {
    "transaction" : "Login as teacher",
    "sampleCount" : 1,
    "errorCount" : 0,
    "errorPct" : 0.0,
    "meanResTime" : 243.0,
    "minResTime" : 243.0,
    "maxResTime" : 243.0,
    "pct1ResTime" : 243.0,
    "pct2ResTime" : 243.0,
    "pct3ResTime" : 243.0,
    "throughput" : 4.11522633744856,
    "receivedKBytesPerSec" : 5.827224794238683,
    "sentKBytesPerSec" : 0.5425347222222222
  },
  "Start quiz by qrcode" : {
    "transaction" : "Start quiz by qrcode",
    "sampleCount" : 600,
    "errorCount" : 0,
    "errorPct" : 0.0,
    "meanResTime" : 77.56999999999996,
    "minResTime" : 1.0,
    "maxResTime" : 1139.0,
    "pct1ResTime" : 307.7999999999997,
    "pct2ResTime" : 527.8999999999999,
    "pct3ResTime" : 1035.7500000000002,
    "throughput" : 93.03768026050551,
    "receivedKBytesPerSec" : 281.0210400837339,
    "sentKBytesPerSec" : 70.50511707241434
  },
  "Create question" : {
    "transaction" : "Create question",
    "sampleCount" : 5,
    "errorCount" : 0,
    "errorPct" : 0.0,
    "meanResTime" : 40.8,
    "minResTime" : 17.0,
    "maxResTime" : 94.0,
    "pct1ResTime" : 94.0,
    "pct2ResTime" : 94.0,
    "pct3ResTime" : 94.0,
    "throughput" : 24.271844660194173,
    "receivedKBytesPerSec" : 25.054042779126213,
    "sentKBytesPerSec" : 29.936855279126217
  },
  "Total" : {
    "transaction" : "Total",
    "sampleCount" : 11919,
    "errorCount" : 1,
    "errorPct" : 0.008389966,
    "meanResTime" : 1327.1797130631753,
    "minResTime" : 0.0,
    "maxResTime" : 10193.0,
    "pct1ResTime" : 4619.0,
    "pct2ResTime" : 5334.0,
    "pct3ResTime" : 7038.5999999999985,
    "throughput" : 218.8217151040041,
    "receivedKBytesPerSec" : 100.38662329719656,
    "sentKBytesPerSec" : 131.23206046673337
  },
  "Generate number of times a student answers to a question" : {
    "transaction" : "Generate number of times a student answers to a question",
    "sampleCount" : 3000,
    "errorCount" : 0,
    "errorPct" : 0.0,
    "meanResTime" : 0.5560000000000017,
    "minResTime" : 0.0,
    "maxResTime" : 35.0,
    "pct1ResTime" : 1.0,
    "pct2ResTime" : 1.0,
    "pct3ResTime" : 3.0,
    "throughput" : 89.27774305865547,
    "receivedKBytesPerSec" : 0.0,
    "sentKBytesPerSec" : 0.0
  },
  "Create quiz" : {
    "transaction" : "Create quiz",
    "sampleCount" : 1,
    "errorCount" : 0,
    "errorPct" : 0.0,
    "meanResTime" : 42.0,
    "minResTime" : 42.0,
    "maxResTime" : 42.0,
    "pct1ResTime" : 42.0,
    "pct2ResTime" : 42.0,
    "pct3ResTime" : 42.0,
    "throughput" : 23.809523809523807,
    "receivedKBytesPerSec" : 89.68098958333333,
    "sentKBytesPerSec" : 26.134672619047617
  },
  "Calculate Port Number" : {
    "transaction" : "Calculate Port Number",
    "sampleCount" : 600,
    "errorCount" : 0,
    "errorPct" : 0.0,
    "meanResTime" : 0.6566666666666662,
    "minResTime" : 0.0,
    "maxResTime" : 8.0,
    "pct1ResTime" : 1.0,
    "pct2ResTime" : 1.0,
    "pct3ResTime" : 3.990000000000009,
    "throughput" : 93.03768026050551,
    "receivedKBytesPerSec" : 0.0,
    "sentKBytesPerSec" : 0.0
  }
}