{
  "Get list of questions" : {
    "transaction" : "Get list of questions",
    "sampleCount" : 1,
    "errorCount" : 0,
    "errorPct" : 0.0,
    "meanResTime" : 36.0,
    "minResTime" : 36.0,
    "maxResTime" : 36.0,
    "pct1ResTime" : 36.0,
    "pct2ResTime" : 36.0,
    "pct3ResTime" : 36.0,
    "throughput" : 27.777777777777775,
    "receivedKBytesPerSec" : 176.13389756944446,
    "sentKBytesPerSec" : 21.077473958333336
  },
  "Write quiz answers" : {
    "transaction" : "Write quiz answers",
    "sampleCount" : 1,
    "errorCount" : 0,
    "errorPct" : 0.0,
    "meanResTime" : 10865.0,
    "minResTime" : 10865.0,
    "maxResTime" : 10865.0,
    "pct1ResTime" : 10865.0,
    "pct2ResTime" : 10865.0,
    "pct3ResTime" : 10865.0,
    "throughput" : 0.09203865623561897,
    "receivedKBytesPerSec" : 0.03523354809019788,
    "sentKBytesPerSec" : 0.07127602968246663
  },
  "Login as teacher" : {
    "transaction" : "Login as teacher",
    "sampleCount" : 2,
    "errorCount" : 0,
    "errorPct" : 0.0,
    "meanResTime" : 338.0,
    "minResTime" : 336.0,
    "maxResTime" : 340.0,
    "pct1ResTime" : 340.0,
    "pct2ResTime" : 340.0,
    "pct3ResTime" : 340.0,
    "throughput" : 0.08082767539605562,
    "receivedKBytesPerSec" : 0.11512418414565147,
    "sentKBytesPerSec" : 0.010655992361784675
  },
  "Start quiz by qrcode" : {
    "transaction" : "Start quiz by qrcode",
    "sampleCount" : 1200,
    "errorCount" : 0,
    "errorPct" : 0.0,
    "meanResTime" : 119.05499999999999,
    "minResTime" : 27.0,
    "maxResTime" : 483.0,
    "pct1ResTime" : 216.0,
    "pct2ResTime" : 254.9000000000001,
    "pct3ResTime" : 381.97,
    "throughput" : 55.91538138949723,
    "receivedKBytesPerSec" : 163.21394040352268,
    "sentKBytesPerSec" : 42.42797982386655
  },
  "Create question" : {
    "transaction" : "Create question",
    "sampleCount" : 5,
    "errorCount" : 0,
    "errorPct" : 0.0,
    "meanResTime" : 54.6,
    "minResTime" : 23.0,
    "maxResTime" : 148.0,
    "pct1ResTime" : 148.0,
    "pct2ResTime" : 148.0,
    "pct3ResTime" : 148.0,
    "throughput" : 18.115942028985508,
    "receivedKBytesPerSec" : 18.61129981884058,
    "sentKBytesPerSec" : 22.397248641304348
  },
  "Total" : {
    "transaction" : "Total",
    "sampleCount" : 16438,
    "errorCount" : 0,
    "errorPct" : 0.0,
    "meanResTime" : 883.3208419515712,
    "minResTime" : 0.0,
    "maxResTime" : 35057.0,
    "pct1ResTime" : 222.0,
    "pct2ResTime" : 4455.199999999997,
    "pct3ResTime" : 24364.820000000036,
    "throughput" : 198.93501149703496,
    "receivedKBytesPerSec" : 102.55303196478278,
    "sentKBytesPerSec" : 114.21098761043206
  },
  "Populate quiz" : {
    "transaction" : "Populate quiz",
    "sampleCount" : 1,
    "errorCount" : 0,
    "errorPct" : 0.0,
    "meanResTime" : 1856.0,
    "minResTime" : 1856.0,
    "maxResTime" : 1856.0,
    "pct1ResTime" : 1856.0,
    "pct2ResTime" : 1856.0,
    "pct3ResTime" : 1856.0,
    "throughput" : 0.5387931034482758,
    "receivedKBytesPerSec" : 0.42514143318965514,
    "sentKBytesPerSec" : 0.41882745150862066
  },
  "Generate number of times a student answers to a question" : {
    "transaction" : "Generate number of times a student answers to a question",
    "sampleCount" : 6000,
    "errorCount" : 0,
    "errorPct" : 0.0,
    "meanResTime" : 0.7976666666666687,
    "minResTime" : 0.0,
    "maxResTime" : 36.0,
    "pct1ResTime" : 1.0,
    "pct2ResTime" : 1.0,
    "pct3ResTime" : 6.0,
    "throughput" : 278.1125428756837,
    "receivedKBytesPerSec" : 0.0,
    "sentKBytesPerSec" : 0.0
  },
  "Create quiz" : {
    "transaction" : "Create quiz",
    "sampleCount" : 1,
    "errorCount" : 0,
    "errorPct" : 0.0,
    "meanResTime" : 57.0,
    "minResTime" : 57.0,
    "maxResTime" : 57.0,
    "pct1ResTime" : 57.0,
    "pct2ResTime" : 57.0,
    "pct3ResTime" : 57.0,
    "throughput" : 17.543859649122805,
    "receivedKBytesPerSec" : 65.01850328947368,
    "sentKBytesPerSec" : 19.13719846491228
  },
  "Submit answer" : {
    "transaction" : "Submit answer",
    "sampleCount" : 6827,
    "errorCount" : 0,
    "errorPct" : 0.0,
    "meanResTime" : 85.92720082027257,
    "minResTime" : 14.0,
    "maxResTime" : 600.0,
    "pct1ResTime" : 159.19999999999982,
    "pct2ResTime" : 205.0,
    "pct3ResTime" : 316.0,
    "throughput" : 316.37239909170955,
    "receivedKBytesPerSec" : 121.11130902729505,
    "sentKBytesPerSec" : 307.4126338830576
  },
  "Login as student" : {
    "transaction" : "Login as student",
    "sampleCount" : 1200,
    "errorCount" : 0,
    "errorPct" : 0.0,
    "meanResTime" : 11374.972500000013,
    "minResTime" : 327.0,
    "maxResTime" : 35057.0,
    "pct1ResTime" : 26949.000000000015,
    "pct2ResTime" : 30524.100000000002,
    "pct3ResTime" : 33126.77,
    "throughput" : 25.524311907091505,
    "receivedKBytesPerSec" : 38.64962015968647,
    "sentKBytesPerSec" : 3.738912877015357
  },
  "Conclude quiz" : {
    "transaction" : "Conclude quiz",
    "sampleCount" : 1200,
    "errorCount" : 0,
    "errorPct" : 0.0,
    "meanResTime" : 101.6841666666666,
    "minResTime" : 16.0,
    "maxResTime" : 633.0,
    "pct1ResTime" : 194.9000000000001,
    "pct2ResTime" : 233.95000000000005,
    "pct3ResTime" : 355.94000000000005,
    "throughput" : 56.1771452647348,
    "receivedKBytesPerSec" : 24.412919573053696,
    "sentKBytesPerSec" : 79.93173891671738
  }
}