{
  "Get list of questions" : {
    "transaction" : "Get list of questions",
    "sampleCount" : 1,
    "errorCount" : 0,
    "errorPct" : 0.0,
    "meanResTime" : 34.0,
    "minResTime" : 34.0,
    "maxResTime" : 34.0,
    "pct1ResTime" : 34.0,
    "pct2ResTime" : 34.0,
    "pct3ResTime" : 34.0,
    "throughput" : 29.41176470588235,
    "receivedKBytesPerSec" : 188.4191176470588,
    "sentKBytesPerSec" : 22.231158088235293
  },
  "Populate quiz" : {
    "transaction" : "Populate quiz",
    "sampleCount" : 1,
    "errorCount" : 0,
    "errorPct" : 0.0,
    "meanResTime" : 3727.0,
    "minResTime" : 3727.0,
    "maxResTime" : 3727.0,
    "pct1ResTime" : 3727.0,
    "pct2ResTime" : 3727.0,
    "pct3ResTime" : 3727.0,
    "throughput" : 0.26831231553528306,
    "receivedKBytesPerSec" : 0.21250125771397907,
    "sentKBytesPerSec" : 0.20830887778374027
  },
  "get next quiz question" : {
    "transaction" : "get next quiz question",
    "sampleCount" : 6000,
    "errorCount" : 0,
    "errorPct" : 0.0,
    "meanResTime" : 453.59483333333384,
    "minResTime" : 0.0,
    "maxResTime" : 1401.0,
    "pct1ResTime" : 1137.9000000000005,
    "pct2ResTime" : 1211.0,
    "pct3ResTime" : 1317.9899999999998,
    "throughput" : 139.92537313432834,
    "receivedKBytesPerSec" : 81.57758570429104,
    "sentKBytesPerSec" : 107.68377958838619
  },
  "Submit answer" : {
    "transaction" : "Submit answer",
    "sampleCount" : 6908,
    "errorCount" : 0,
    "errorPct" : 0.0,
    "meanResTime" : 3376.1805153445275,
    "minResTime" : 499.0,
    "maxResTime" : 7230.0,
    "pct1ResTime" : 4574.0,
    "pct2ResTime" : 4710.0,
    "pct3ResTime" : 5098.459999999999,
    "throughput" : 155.41407005781906,
    "receivedKBytesPerSec" : 31.87202608607618,
    "sentKBytesPerSec" : 151.6239116740534
  },
  "Login as student" : {
    "transaction" : "Login as student",
    "sampleCount" : 1200,
    "errorCount" : 0,
    "errorPct" : 0.0,
    "meanResTime" : 14784.020000000004,
    "minResTime" : 611.0,
    "maxResTime" : 48030.0,
    "pct1ResTime" : 37279.80000000001,
    "pct2ResTime" : 42292.8,
    "pct3ResTime" : 46307.89,
    "throughput" : 19.086094189874824,
    "receivedKBytesPerSec" : 28.901717673922036,
    "sentKBytesPerSec" : 2.7958145785949453
  },
  "Conclude quiz" : {
    "transaction" : "Conclude quiz",
    "sampleCount" : 1200,
    "errorCount" : 0,
    "errorPct" : 0.0,
    "meanResTime" : 167.07749999999987,
    "minResTime" : 48.0,
    "maxResTime" : 467.0,
    "pct1ResTime" : 226.0,
    "pct2ResTime" : 246.95000000000005,
    "pct3ResTime" : 291.99,
    "throughput" : 29.251883089973916,
    "receivedKBytesPerSec" : 12.71199997562343,
    "sentKBytesPerSec" : 42.127639334946245
  },
  "Login as teacher" : {
    "transaction" : "Login as teacher",
    "sampleCount" : 1,
    "errorCount" : 0,
    "errorPct" : 0.0,
    "meanResTime" : 530.0,
    "minResTime" : 530.0,
    "maxResTime" : 530.0,
    "pct1ResTime" : 530.0,
    "pct2ResTime" : 530.0,
    "pct3ResTime" : 530.0,
    "throughput" : 1.8867924528301887,
    "receivedKBytesPerSec" : 2.6735701650943393,
    "sentKBytesPerSec" : 0.24874705188679244
  },
  "Start quiz by qrcode" : {
    "transaction" : "Start quiz by qrcode",
    "sampleCount" : 1200,
    "errorCount" : 0,
    "errorPct" : 0.0,
    "meanResTime" : 208.30249999999998,
    "minResTime" : 0.0,
    "maxResTime" : 1205.0,
    "pct1ResTime" : 755.9000000000001,
    "pct2ResTime" : 868.0,
    "pct3ResTime" : 1077.98,
    "throughput" : 72.35453723243896,
    "receivedKBytesPerSec" : 218.59920249849262,
    "sentKBytesPerSec" : 54.83470568284594
  },
  "Create question" : {
    "transaction" : "Create question",
    "sampleCount" : 5,
    "errorCount" : 0,
    "errorPct" : 0.0,
    "meanResTime" : 65.0,
    "minResTime" : 24.0,
    "maxResTime" : 215.0,
    "pct1ResTime" : 215.0,
    "pct2ResTime" : 215.0,
    "pct3ResTime" : 215.0,
    "throughput" : 15.24390243902439,
    "receivedKBytesPerSec" : 15.735161013719512,
    "sentKBytesPerSec" : 18.80180544969512
  },
  "Total" : {
    "transaction" : "Total",
    "sampleCount" : 23717,
    "errorCount" : 0,
    "errorPct" : 0.0,
    "meanResTime" : 1865.502424421309,
    "minResTime" : 0.0,
    "maxResTime" : 48030.0,
    "pct1ResTime" : 4324.0,
    "pct2ResTime" : 4514.0,
    "pct3ResTime" : 4815.990000000002,
    "throughput" : 211.45119156941237,
    "receivedKBytesPerSec" : 97.1475386268199,
    "sentKBytesPerSec" : 126.41742305283383
  },
  "Generate number of times a student answers to a question" : {
    "transaction" : "Generate number of times a student answers to a question",
    "sampleCount" : 6000,
    "errorCount" : 0,
    "errorPct" : 0.0,
    "meanResTime" : 0.5143333333333343,
    "minResTime" : 0.0,
    "maxResTime" : 88.0,
    "pct1ResTime" : 1.0,
    "pct2ResTime" : 1.0,
    "pct3ResTime" : 4.0,
    "throughput" : 139.95148348572494,
    "receivedKBytesPerSec" : 0.0,
    "sentKBytesPerSec" : 0.0
  },
  "Create quiz" : {
    "transaction" : "Create quiz",
    "sampleCount" : 1,
    "errorCount" : 0,
    "errorPct" : 0.0,
    "meanResTime" : 39.0,
    "minResTime" : 39.0,
    "maxResTime" : 39.0,
    "pct1ResTime" : 39.0,
    "pct2ResTime" : 39.0,
    "pct3ResTime" : 39.0,
    "throughput" : 25.64102564102564,
    "receivedKBytesPerSec" : 96.57952724358974,
    "sentKBytesPerSec" : 28.14503205128205
  },
  "Calculate Port Number" : {
    "transaction" : "Calculate Port Number",
    "sampleCount" : 1200,
    "errorCount" : 0,
    "errorPct" : 0.0,
    "meanResTime" : 0.7300000000000001,
    "minResTime" : 0.0,
    "maxResTime" : 34.0,
    "pct1ResTime" : 1.0,
    "pct2ResTime" : 2.0,
    "pct3ResTime" : 9.990000000000009,
    "throughput" : 77.39438890680425,
    "receivedKBytesPerSec" : 0.0,
    "sentKBytesPerSec" : 0.0
  }
}