{
  "Get list of questions" : {
    "transaction" : "Get list of questions",
    "sampleCount" : 1,
    "errorCount" : 0,
    "errorPct" : 0.0,
    "meanResTime" : 37.0,
    "minResTime" : 37.0,
    "maxResTime" : 37.0,
    "pct1ResTime" : 37.0,
    "pct2ResTime" : 37.0,
    "pct3ResTime" : 37.0,
    "throughput" : 27.027027027027028,
    "receivedKBytesPerSec" : 173.1418918918919,
    "sentKBytesPerSec" : 20.428631756756758
  },
  "Write quiz answers" : {
    "transaction" : "Write quiz answers",
    "sampleCount" : 1,
    "errorCount" : 0,
    "errorPct" : 0.0,
    "meanResTime" : 9863.0,
    "minResTime" : 9863.0,
    "maxResTime" : 9863.0,
    "pct1ResTime" : 9863.0,
    "pct2ResTime" : 9863.0,
    "pct3ResTime" : 9863.0,
    "throughput" : 0.10138902970698571,
    "receivedKBytesPerSec" : 0.038812987934705466,
    "sentKBytesPerSec" : 0.07841807766399676
  },
  "Populate quiz" : {
    "transaction" : "Populate quiz",
    "sampleCount" : 1,
    "errorCount" : 0,
    "errorPct" : 0.0,
    "meanResTime" : 4737.0,
    "minResTime" : 4737.0,
    "maxResTime" : 4737.0,
    "pct1ResTime" : 4737.0,
    "pct2ResTime" : 4737.0,
    "pct3ResTime" : 4737.0,
    "throughput" : 0.21110407430863415,
    "receivedKBytesPerSec" : 0.16719277760185772,
    "sentKBytesPerSec" : 0.1638942764407853
  },
  "get next quiz question" : {
    "transaction" : "get next quiz question",
    "sampleCount" : 7500,
    "errorCount" : 0,
    "errorPct" : 0.0,
    "meanResTime" : 1.9154666666666653,
    "minResTime" : 0.0,
    "maxResTime" : 47.0,
    "pct1ResTime" : 4.0,
    "pct2ResTime" : 5.0,
    "pct3ResTime" : 12.0,
    "throughput" : 364.92798754379135,
    "receivedKBytesPerSec" : 212.75586773793304,
    "sentKBytesPerSec" : 281.5362403902297
  },
  "Submit answer" : {
    "transaction" : "Submit answer",
    "sampleCount" : 8595,
    "errorCount" : 0,
    "errorPct" : 0.0,
    "meanResTime" : 24.769051774287377,
    "minResTime" : 9.0,
    "maxResTime" : 222.0,
    "pct1ResTime" : 47.0,
    "pct2ResTime" : 68.0,
    "pct3ResTime" : 133.0,
    "throughput" : 416.7474786656323,
    "receivedKBytesPerSec" : 85.46579152322538,
    "sentKBytesPerSec" : 405.75901975550335
  },
  "Login as student" : {
    "transaction" : "Login as student",
    "sampleCount" : 1500,
    "errorCount" : 0,
    "errorPct" : 0.0,
    "meanResTime" : 24250.226666666662,
    "minResTime" : 148.0,
    "maxResTime" : 83157.0,
    "pct1ResTime" : 65513.80000000002,
    "pct2ResTime" : 75207.75,
    "pct3ResTime" : 82760.99,
    "throughput" : 14.355578099130053,
    "receivedKBytesPerSec" : 21.78267381913407,
    "sentKBytesPerSec" : 2.102867885614754
  },
  "Conclude quiz" : {
    "transaction" : "Conclude quiz",
    "sampleCount" : 1500,
    "errorCount" : 0,
    "errorPct" : 0.0,
    "meanResTime" : 35.66200000000002,
    "minResTime" : 15.0,
    "maxResTime" : 183.0,
    "pct1ResTime" : 62.90000000000009,
    "pct2ResTime" : 82.0,
    "pct3ResTime" : 136.96000000000004,
    "throughput" : 73.40706665361651,
    "receivedKBytesPerSec" : 31.90053189537046,
    "sentKBytesPerSec" : 105.80940466868944
  },
  "Login as teacher" : {
    "transaction" : "Login as teacher",
    "sampleCount" : 2,
    "errorCount" : 0,
    "errorPct" : 0.0,
    "meanResTime" : 716.0,
    "minResTime" : 701.0,
    "maxResTime" : 731.0,
    "pct1ResTime" : 731.0,
    "pct2ResTime" : 731.0,
    "pct3ResTime" : 731.0,
    "throughput" : 0.07345649539060492,
    "receivedKBytesPerSec" : 0.10412314751900686,
    "sentKBytesPerSec" : 0.009684205935284828
  },
  "Start quiz by qrcode" : {
    "transaction" : "Start quiz by qrcode",
    "sampleCount" : 1500,
    "errorCount" : 0,
    "errorPct" : 0.0,
    "meanResTime" : 2.1179999999999963,
    "minResTime" : 0.0,
    "maxResTime" : 45.0,
    "pct1ResTime" : 3.0,
    "pct2ResTime" : 5.0,
    "pct3ResTime" : 13.990000000000009,
    "throughput" : 75.63152321887763,
    "receivedKBytesPerSec" : 228.59332457268192,
    "sentKBytesPerSec" : 57.46223150809258
  },
  "Create question" : {
    "transaction" : "Create question",
    "sampleCount" : 5,
    "errorCount" : 0,
    "errorPct" : 0.0,
    "meanResTime" : 45.2,
    "minResTime" : 17.0,
    "maxResTime" : 122.0,
    "pct1ResTime" : 122.0,
    "pct2ResTime" : 122.0,
    "pct3ResTime" : 122.0,
    "throughput" : 22.123893805309734,
    "receivedKBytesPerSec" : 22.836870851769913,
    "sentKBytesPerSec" : 27.287576050884955
  },
  "Total" : {
    "transaction" : "Total",
    "sampleCount" : 29606,
    "errorCount" : 0,
    "errorPct" : 0.0,
    "meanResTime" : 1238.9624062690011,
    "minResTime" : 0.0,
    "maxResTime" : 83157.0,
    "pct1ResTime" : 24.0,
    "pct2ResTime" : 41.0,
    "pct3ResTime" : 100.9900000000016,
    "throughput" : 209.10407175901403,
    "receivedKBytesPerSec" : 96.16940712513684,
    "sentKBytesPerSec" : 124.91312776997916
  },
  "Generate number of times a student answers to a question" : {
    "transaction" : "Generate number of times a student answers to a question",
    "sampleCount" : 7500,
    "errorCount" : 0,
    "errorPct" : 0.0,
    "meanResTime" : 0.560133333333333,
    "minResTime" : 0.0,
    "maxResTime" : 24.0,
    "pct1ResTime" : 1.0,
    "pct2ResTime" : 1.0,
    "pct3ResTime" : 3.0,
    "throughput" : 364.9990266692622,
    "receivedKBytesPerSec" : 0.0,
    "sentKBytesPerSec" : 0.0
  },
  "Create quiz" : {
    "transaction" : "Create quiz",
    "sampleCount" : 1,
    "errorCount" : 0,
    "errorPct" : 0.0,
    "meanResTime" : 41.0,
    "minResTime" : 41.0,
    "maxResTime" : 41.0,
    "pct1ResTime" : 41.0,
    "pct2ResTime" : 41.0,
    "pct3ResTime" : 41.0,
    "throughput" : 24.390243902439025,
    "receivedKBytesPerSec" : 91.86833079268293,
    "sentKBytesPerSec" : 26.772103658536583
  },
  "Calculate Port Number" : {
    "transaction" : "Calculate Port Number",
    "sampleCount" : 1500,
    "errorCount" : 0,
    "errorPct" : 0.0,
    "meanResTime" : 0.6119999999999992,
    "minResTime" : 0.0,
    "maxResTime" : 15.0,
    "pct1ResTime" : 1.0,
    "pct2ResTime" : 1.0,
    "pct3ResTime" : 4.0,
    "throughput" : 75.62008469449485,
    "receivedKBytesPerSec" : 0.0,
    "sentKBytesPerSec" : 0.0
  }
}