{
  "Get list of questions" : {
    "transaction" : "Get list of questions",
    "sampleCount" : 1,
    "errorCount" : 0,
    "errorPct" : 0.0,
    "meanResTime" : 47.0,
    "minResTime" : 47.0,
    "maxResTime" : 47.0,
    "pct1ResTime" : 47.0,
    "pct2ResTime" : 47.0,
    "pct3ResTime" : 47.0,
    "throughput" : 21.27659574468085,
    "receivedKBytesPerSec" : 134.80718085106383,
    "sentKBytesPerSec" : 16.14444813829787
  },
  "Write quiz answers" : {
    "transaction" : "Write quiz answers",
    "sampleCount" : 1,
    "errorCount" : 0,
    "errorPct" : 0.0,
    "meanResTime" : 8447.0,
    "minResTime" : 8447.0,
    "maxResTime" : 8447.0,
    "pct1ResTime" : 8447.0,
    "pct2ResTime" : 8447.0,
    "pct3ResTime" : 8447.0,
    "throughput" : 0.11838522552385462,
    "receivedKBytesPerSec" : 0.0453193441458506,
    "sentKBytesPerSec" : 0.09167918343790696
  },
  "Login as teacher" : {
    "transaction" : "Login as teacher",
    "sampleCount" : 2,
    "errorCount" : 0,
    "errorPct" : 0.0,
    "meanResTime" : 271.5,
    "minResTime" : 254.0,
    "maxResTime" : 289.0,
    "pct1ResTime" : 289.0,
    "pct2ResTime" : 289.0,
    "pct3ResTime" : 289.0,
    "throughput" : 0.08678295582747549,
    "receivedKBytesPerSec" : 0.12352163878764211,
    "sentKBytesPerSec" : 0.01144111234053632
  },
  "Start quiz by qrcode" : {
    "transaction" : "Start quiz by qrcode",
    "sampleCount" : 900,
    "errorCount" : 0,
    "errorPct" : 0.0,
    "meanResTime" : 105.24555555555548,
    "minResTime" : 26.0,
    "maxResTime" : 579.0,
    "pct1ResTime" : 214.79999999999995,
    "pct2ResTime" : 276.0,
    "pct3ResTime" : 428.97,
    "throughput" : 44.86987735566856,
    "receivedKBytesPerSec" : 130.97271817977864,
    "sentKBytesPerSec" : 34.04677217319772
  },
  "Create question" : {
    "transaction" : "Create question",
    "sampleCount" : 5,
    "errorCount" : 0,
    "errorPct" : 0.0,
    "meanResTime" : 57.4,
    "minResTime" : 24.0,
    "maxResTime" : 151.0,
    "pct1ResTime" : 151.0,
    "pct2ResTime" : 151.0,
    "pct3ResTime" : 151.0,
    "throughput" : 17.36111111111111,
    "receivedKBytesPerSec" : 17.835828993055557,
    "sentKBytesPerSec" : 21.464029947916668
  },
  "Total" : {
    "transaction" : "Total",
    "sampleCount" : 12402,
    "errorCount" : 0,
    "errorPct" : 0.0,
    "meanResTime" : 563.3626028060048,
    "minResTime" : 0.0,
    "maxResTime" : 17866.0,
    "pct1ResTime" : 225.0,
    "pct2ResTime" : 3435.8499999999985,
    "pct3ResTime" : 13616.799999999974,
    "throughput" : 208.055830495395,
    "receivedKBytesPerSec" : 107.15093620510325,
    "sentKBytesPerSec" : 119.93404414601821
  },
  "Populate quiz" : {
    "transaction" : "Populate quiz",
    "sampleCount" : 1,
    "errorCount" : 0,
    "errorPct" : 0.0,
    "meanResTime" : 1768.0,
    "minResTime" : 1768.0,
    "maxResTime" : 1768.0,
    "pct1ResTime" : 1768.0,
    "pct2ResTime" : 1768.0,
    "pct3ResTime" : 1768.0,
    "throughput" : 0.5656108597285069,
    "receivedKBytesPerSec" : 0.44574996464932126,
    "sentKBytesPerSec" : 0.4396740667420814
  },
  "Generate number of times a student answers to a question" : {
    "transaction" : "Generate number of times a student answers to a question",
    "sampleCount" : 4500,
    "errorCount" : 0,
    "errorPct" : 0.0,
    "meanResTime" : 0.7008888888888899,
    "minResTime" : 0.0,
    "maxResTime" : 75.0,
    "pct1ResTime" : 1.0,
    "pct2ResTime" : 1.0,
    "pct3ResTime" : 5.0,
    "throughput" : 223.69140527911716,
    "receivedKBytesPerSec" : 0.0,
    "sentKBytesPerSec" : 0.0
  },
  "Create quiz" : {
    "transaction" : "Create quiz",
    "sampleCount" : 1,
    "errorCount" : 0,
    "errorPct" : 0.0,
    "meanResTime" : 63.0,
    "minResTime" : 63.0,
    "maxResTime" : 63.0,
    "pct1ResTime" : 63.0,
    "pct2ResTime" : 63.0,
    "pct3ResTime" : 63.0,
    "throughput" : 15.873015873015872,
    "receivedKBytesPerSec" : 58.74875992063492,
    "sentKBytesPerSec" : 17.314608134920636
  },
  "Submit answer" : {
    "transaction" : "Submit answer",
    "sampleCount" : 5191,
    "errorCount" : 0,
    "errorPct" : 0.0,
    "meanResTime" : 72.59776536312873,
    "minResTime" : 13.0,
    "maxResTime" : 640.0,
    "pct1ResTime" : 145.0,
    "pct2ResTime" : 204.0,
    "pct3ResTime" : 324.15999999999985,
    "throughput" : 257.7457795431976,
    "receivedKBytesPerSec" : 98.66830623138034,
    "sentKBytesPerSec" : 250.44633852097814
  },
  "Login as student" : {
    "transaction" : "Login as student",
    "sampleCount" : 900,
    "errorCount" : 0,
    "errorPct" : 0.0,
    "meanResTime" : 7134.973333333323,
    "minResTime" : 247.0,
    "maxResTime" : 17866.0,
    "pct1ResTime" : 14649.599999999999,
    "pct2ResTime" : 16496.449999999993,
    "pct3ResTime" : 17454.88,
    "throughput" : 32.017075773745994,
    "receivedKBytesPerSec" : 48.474742084667376,
    "sentKBytesPerSec" : 4.690001334044824
  },
  "Conclude quiz" : {
    "transaction" : "Conclude quiz",
    "sampleCount" : 900,
    "errorCount" : 0,
    "errorPct" : 0.0,
    "meanResTime" : 88.29111111111108,
    "minResTime" : 21.0,
    "maxResTime" : 696.0,
    "pct1ResTime" : 180.79999999999995,
    "pct2ResTime" : 243.94999999999993,
    "pct3ResTime" : 396.8700000000001,
    "throughput" : 45.65051990869895,
    "receivedKBytesPerSec" : 19.83836070251078,
    "sentKBytesPerSec" : 64.95391358102967
  }
}