{
  "Get list of questions" : {
    "transaction" : "Get list of questions",
    "sampleCount" : 1,
    "errorCount" : 0,
    "errorPct" : 0.0,
    "meanResTime" : 69.0,
    "minResTime" : 69.0,
    "maxResTime" : 69.0,
    "pct1ResTime" : 69.0,
    "pct2ResTime" : 69.0,
    "pct3ResTime" : 69.0,
    "throughput" : 14.492753623188406,
    "receivedKBytesPerSec" : 222.23165760869563,
    "sentKBytesPerSec" : 10.996942934782608
  },
  "Write quiz answers" : {
    "transaction" : "Write quiz answers",
    "sampleCount" : 1,
    "errorCount" : 0,
    "errorPct" : 0.0,
    "meanResTime" : 18982.0,
    "minResTime" : 18982.0,
    "maxResTime" : 18982.0,
    "pct1ResTime" : 18982.0,
    "pct2ResTime" : 18982.0,
    "pct3ResTime" : 18982.0,
    "throughput" : 0.05268148772521336,
    "receivedKBytesPerSec" : 0.02016713201980824,
    "sentKBytesPerSec" : 0.040900178458539674
  },
  "Populate quiz" : {
    "transaction" : "Populate quiz",
    "sampleCount" : 1,
    "errorCount" : 0,
    "errorPct" : 0.0,
    "meanResTime" : 4693.0,
    "minResTime" : 4693.0,
    "maxResTime" : 4693.0,
    "pct1ResTime" : 4693.0,
    "pct2ResTime" : 4693.0,
    "pct3ResTime" : 4693.0,
    "throughput" : 0.21308331557639035,
    "receivedKBytesPerSec" : 0.16876032122309825,
    "sentKBytesPerSec" : 0.16605516194331985
  },
  "Submit answer" : {
    "transaction" : "Submit answer",
    "sampleCount" : 8620,
    "errorCount" : 0,
    "errorPct" : 0.0,
    "meanResTime" : 20.52807424593971,
    "minResTime" : 8.0,
    "maxResTime" : 212.0,
    "pct1ResTime" : 28.0,
    "pct2ResTime" : 49.0,
    "pct3ResTime" : 87.78999999999905,
    "throughput" : 453.3024821203197,
    "receivedKBytesPerSec" : 53.5640628286706,
    "sentKBytesPerSec" : 442.6782051956248
  },
  "Login as student" : {
    "transaction" : "Login as student",
    "sampleCount" : 1500,
    "errorCount" : 0,
    "errorPct" : 0.0,
    "meanResTime" : 27553.95199999996,
    "minResTime" : 306.0,
    "maxResTime" : 89747.0,
    "pct1ResTime" : 71818.0,
    "pct2ResTime" : 81390.10000000002,
    "pct3ResTime" : 89283.64,
    "throughput" : 13.497462477054315,
    "receivedKBytesPerSec" : 20.494156864134542,
    "sentKBytesPerSec" : 1.9771673550372528
  },
  "Conclude quiz" : {
    "transaction" : "Conclude quiz",
    "sampleCount" : 1500,
    "errorCount" : 0,
    "errorPct" : 0.0,
    "meanResTime" : 35.38533333333335,
    "minResTime" : 15.0,
    "maxResTime" : 450.0,
    "pct1ResTime" : 49.0,
    "pct2ResTime" : 69.95000000000005,
    "pct3ResTime" : 303.9200000000001,
    "throughput" : 79.9914675767918,
    "receivedKBytesPerSec" : 34.76191706218004,
    "sentKBytesPerSec" : 115.69078464963738
  },
  "Login as teacher" : {
    "transaction" : "Login as teacher",
    "sampleCount" : 2,
    "errorCount" : 0,
    "errorPct" : 0.0,
    "meanResTime" : 726.5,
    "minResTime" : 719.0,
    "maxResTime" : 734.0,
    "pct1ResTime" : 734.0,
    "pct2ResTime" : 734.0,
    "pct3ResTime" : 734.0,
    "throughput" : 0.07779376871912559,
    "receivedKBytesPerSec" : 0.11084092632930102,
    "sentKBytesPerSec" : 0.010256014430744097
  },
  "Start quiz by qrcode" : {
    "transaction" : "Start quiz by qrcode",
    "sampleCount" : 1500,
    "errorCount" : 0,
    "errorPct" : 0.0,
    "meanResTime" : 2.3159999999999976,
    "minResTime" : 1.0,
    "maxResTime" : 54.0,
    "pct1ResTime" : 3.0,
    "pct2ResTime" : 5.0,
    "pct3ResTime" : 13.0,
    "throughput" : 79.03888713246917,
    "receivedKBytesPerSec" : 213.49761895352512,
    "sentKBytesPerSec" : 60.0510294815049
  },
  "Create question" : {
    "transaction" : "Create question",
    "sampleCount" : 5,
    "errorCount" : 0,
    "errorPct" : 0.0,
    "meanResTime" : 62.4,
    "minResTime" : 24.0,
    "maxResTime" : 175.0,
    "pct1ResTime" : 175.0,
    "pct2ResTime" : 175.0,
    "pct3ResTime" : 175.0,
    "throughput" : 15.974440894568689,
    "receivedKBytesPerSec" : 16.504842252396166,
    "sentKBytesPerSec" : 19.749650559105433
  },
  "Total" : {
    "transaction" : "Total",
    "sampleCount" : 22131,
    "errorCount" : 0,
    "errorPct" : 0.0,
    "meanResTime" : 1879.5043152139551,
    "minResTime" : 0.0,
    "maxResTime" : 89747.0,
    "pct1ResTime" : 24.0,
    "pct2ResTime" : 32.0,
    "pct3ResTime" : 65.0,
    "throughput" : 142.02106154823556,
    "receivedKBytesPerSec" : 51.518267068790145,
    "sentKBytesPerSec" : 76.72925179603925
  },
  "Generate number of times a student answers to a question" : {
    "transaction" : "Generate number of times a student answers to a question",
    "sampleCount" : 7500,
    "errorCount" : 0,
    "errorPct" : 0.0,
    "meanResTime" : 0.5906666666666668,
    "minResTime" : 0.0,
    "maxResTime" : 27.0,
    "pct1ResTime" : 1.0,
    "pct2ResTime" : 1.0,
    "pct3ResTime" : 3.0,
    "throughput" : 394.46694367012043,
    "receivedKBytesPerSec" : 0.0,
    "sentKBytesPerSec" : 0.0
  },
  "Create quiz" : {
    "transaction" : "Create quiz",
    "sampleCount" : 1,
    "errorCount" : 0,
    "errorPct" : 0.0,
    "meanResTime" : 40.0,
    "minResTime" : 40.0,
    "maxResTime" : 40.0,
    "pct1ResTime" : 40.0,
    "pct2ResTime" : 40.0,
    "pct3ResTime" : 40.0,
    "throughput" : 25.0,
    "receivedKBytesPerSec" : 94.287109375,
    "sentKBytesPerSec" : 27.63671875
  },
  "Calculate Port Number" : {
    "transaction" : "Calculate Port Number",
    "sampleCount" : 1500,
    "errorCount" : 0,
    "errorPct" : 0.0,
    "meanResTime" : 0.5993333333333335,
    "minResTime" : 0.0,
    "maxResTime" : 13.0,
    "pct1ResTime" : 1.0,
    "pct2ResTime" : 1.0,
    "pct3ResTime" : 3.0,
    "throughput" : 79.0263948158685,
    "receivedKBytesPerSec" : 0.0,
    "sentKBytesPerSec" : 0.0
  }
}