{
  "Get list of questions" : {
    "transaction" : "Get list of questions",
    "sampleCount" : 1,
    "errorCount" : 0,
    "errorPct" : 0.0,
    "meanResTime" : 33.0,
    "minResTime" : 33.0,
    "maxResTime" : 33.0,
    "pct1ResTime" : 33.0,
    "pct2ResTime" : 33.0,
    "pct3ResTime" : 33.0,
    "throughput" : 30.303030303030305,
    "receivedKBytesPerSec" : 192.14607007575756,
    "sentKBytesPerSec" : 22.904829545454543
  },
  "Write quiz answers" : {
    "transaction" : "Write quiz answers",
    "sampleCount" : 1,
    "errorCount" : 0,
    "errorPct" : 0.0,
    "meanResTime" : 1634.0,
    "minResTime" : 1634.0,
    "maxResTime" : 1634.0,
    "pct1ResTime" : 1634.0,
    "pct2ResTime" : 1634.0,
    "pct3ResTime" : 1634.0,
    "throughput" : 0.6119951040391677,
    "receivedKBytesPerSec" : 0.23427937576499389,
    "sentKBytesPerSec" : 0.47274231181150556
  },
  "Populate quiz" : {
    "transaction" : "Populate quiz",
    "sampleCount" : 1,
    "errorCount" : 0,
    "errorPct" : 0.0,
    "meanResTime" : 2878.0,
    "minResTime" : 2878.0,
    "maxResTime" : 2878.0,
    "pct1ResTime" : 2878.0,
    "pct2ResTime" : 2878.0,
    "pct3ResTime" : 2878.0,
    "throughput" : 0.34746351633078526,
    "receivedKBytesPerSec" : 0.2806175078179291,
    "sentKBytesPerSec" : 0.2694199530924253
  },
  "get next quiz question" : {
    "transaction" : "get next quiz question",
    "sampleCount" : 4500,
    "errorCount" : 0,
    "errorPct" : 0.0,
    "meanResTime" : 1.9062222222222236,
    "minResTime" : 0.0,
    "maxResTime" : 51.0,
    "pct1ResTime" : 3.0,
    "pct2ResTime" : 5.0,
    "pct3ResTime" : 11.0,
    "throughput" : 329.9120234604105,
    "receivedKBytesPerSec" : 191.0525682734604,
    "sentKBytesPerSec" : 253.5554320931085
  },
  "Submit answer" : {
    "transaction" : "Submit answer",
    "sampleCount" : 5164,
    "errorCount" : 0,
    "errorPct" : 0.0,
    "meanResTime" : 19.413439194422907,
    "minResTime" : 8.0,
    "maxResTime" : 275.0,
    "pct1ResTime" : 23.0,
    "pct2ResTime" : 30.0,
    "pct3ResTime" : 79.75000000000182,
    "throughput" : 378.75898489071443,
    "receivedKBytesPerSec" : 77.67518244829104,
    "sentKBytesPerSec" : 368.77217571879123
  },
  "Login as student" : {
    "transaction" : "Login as student",
    "sampleCount" : 900,
    "errorCount" : 0,
    "errorPct" : 0.0,
    "meanResTime" : 6513.21,
    "minResTime" : 150.0,
    "maxResTime" : 23920.0,
    "pct1ResTime" : 17564.699999999997,
    "pct2ResTime" : 20258.749999999996,
    "pct3ResTime" : 21802.81,
    "throughput" : 25.339264598231882,
    "receivedKBytesPerSec" : 38.36479038797229,
    "sentKBytesPerSec" : 3.7118063376316233
  },
  "Conclude quiz" : {
    "transaction" : "Conclude quiz",
    "sampleCount" : 900,
    "errorCount" : 0,
    "errorPct" : 0.0,
    "meanResTime" : 28.861111111111104,
    "minResTime" : 14.0,
    "maxResTime" : 99.0,
    "pct1ResTime" : 38.0,
    "pct2ResTime" : 46.94999999999993,
    "pct3ResTime" : 70.99000000000001,
    "throughput" : 67.4207805828152,
    "receivedKBytesPerSec" : 29.29906968686793,
    "sentKBytesPerSec" : 96.58816905760732
  },
  "Login as teacher" : {
    "transaction" : "Login as teacher",
    "sampleCount" : 2,
    "errorCount" : 0,
    "errorPct" : 0.0,
    "meanResTime" : 389.0,
    "minResTime" : 382.0,
    "maxResTime" : 396.0,
    "pct1ResTime" : 396.0,
    "pct2ResTime" : 396.0,
    "pct3ResTime" : 396.0,
    "throughput" : 0.11250492209034145,
    "receivedKBytesPerSec" : 0.15936366161332058,
    "sentKBytesPerSec" : 0.014832191877144624
  },
  "Start quiz by qrcode" : {
    "transaction" : "Start quiz by qrcode",
    "sampleCount" : 900,
    "errorCount" : 0,
    "errorPct" : 0.0,
    "meanResTime" : 2.4344444444444413,
    "minResTime" : 0.0,
    "maxResTime" : 44.0,
    "pct1ResTime" : 4.0,
    "pct2ResTime" : 6.0,
    "pct3ResTime" : 19.0,
    "throughput" : 66.32765863365023,
    "receivedKBytesPerSec" : 204.81255527304884,
    "sentKBytesPerSec" : 50.19915570417864
  },
  "Create question" : {
    "transaction" : "Create question",
    "sampleCount" : 5,
    "errorCount" : 0,
    "errorPct" : 0.0,
    "meanResTime" : 56.6,
    "minResTime" : 24.0,
    "maxResTime" : 165.0,
    "pct1ResTime" : 165.0,
    "pct2ResTime" : 165.0,
    "pct3ResTime" : 165.0,
    "throughput" : 17.421602787456447,
    "receivedKBytesPerSec" : 17.914988022648085,
    "sentKBytesPerSec" : 21.487777656794428
  },
  "Total" : {
    "transaction" : "Total",
    "sampleCount" : 17775,
    "errorCount" : 0,
    "errorPct" : 0.0,
    "meanResTime" : 337.97744022503343,
    "minResTime" : 0.0,
    "maxResTime" : 23920.0,
    "pct1ResTime" : 25.0,
    "pct2ResTime" : 320.40000000000146,
    "pct3ResTime" : 12841.480000000203,
    "throughput" : 323.55243278664653,
    "receivedKBytesPerSec" : 149.5732469692557,
    "sentKBytesPerSec" : 192.9211955285145
  },
  "Generate number of times a student answers to a question" : {
    "transaction" : "Generate number of times a student answers to a question",
    "sampleCount" : 4500,
    "errorCount" : 0,
    "errorPct" : 0.0,
    "meanResTime" : 0.5488888888888872,
    "minResTime" : 0.0,
    "maxResTime" : 34.0,
    "pct1ResTime" : 1.0,
    "pct2ResTime" : 1.0,
    "pct3ResTime" : 3.0,
    "throughput" : 330.03300330033005,
    "receivedKBytesPerSec" : 0.0,
    "sentKBytesPerSec" : 0.0
  },
  "Create quiz" : {
    "transaction" : "Create quiz",
    "sampleCount" : 1,
    "errorCount" : 0,
    "errorPct" : 0.0,
    "meanResTime" : 39.0,
    "minResTime" : 39.0,
    "maxResTime" : 39.0,
    "pct1ResTime" : 39.0,
    "pct2ResTime" : 39.0,
    "pct3ResTime" : 39.0,
    "throughput" : 25.64102564102564,
    "receivedKBytesPerSec" : 96.50440705128206,
    "sentKBytesPerSec" : 28.14503205128205
  },
  "Calculate Port Number" : {
    "transaction" : "Calculate Port Number",
    "sampleCount" : 900,
    "errorCount" : 0,
    "errorPct" : 0.0,
    "meanResTime" : 0.6111111111111116,
    "minResTime" : 0.0,
    "maxResTime" : 17.0,
    "pct1ResTime" : 1.0,
    "pct2ResTime" : 1.0,
    "pct3ResTime" : 4.0,
    "throughput" : 66.32277081798084,
    "receivedKBytesPerSec" : 0.0,
    "sentKBytesPerSec" : 0.0
  }
}