{
  "Get list of questions" : {
    "transaction" : "Get list of questions",
    "sampleCount" : 1,
    "errorCount" : 0,
    "errorPct" : 0.0,
    "meanResTime" : 37.0,
    "minResTime" : 37.0,
    "maxResTime" : 37.0,
    "pct1ResTime" : 37.0,
    "pct2ResTime" : 37.0,
    "pct3ResTime" : 37.0,
    "throughput" : 27.027027027027028,
    "receivedKBytesPerSec" : 171.3471283783784,
    "sentKBytesPerSec" : 20.428631756756758
  },
  "Write quiz answers" : {
    "transaction" : "Write quiz answers",
    "sampleCount" : 1,
    "errorCount" : 0,
    "errorPct" : 0.0,
    "meanResTime" : 1417.0,
    "minResTime" : 1417.0,
    "maxResTime" : 1417.0,
    "pct1ResTime" : 1417.0,
    "pct2ResTime" : 1417.0,
    "pct3ResTime" : 1417.0,
    "throughput" : 0.7057163020465773,
    "receivedKBytesPerSec" : 0.27015702187720536,
    "sentKBytesPerSec" : 0.5451382762879322
  },
  "Populate quiz" : {
    "transaction" : "Populate quiz",
    "sampleCount" : 1,
    "errorCount" : 0,
    "errorPct" : 0.0,
    "meanResTime" : 2075.0,
    "minResTime" : 2075.0,
    "maxResTime" : 2075.0,
    "pct1ResTime" : 2075.0,
    "pct2ResTime" : 2075.0,
    "pct3ResTime" : 2075.0,
    "throughput" : 0.4819277108433735,
    "receivedKBytesPerSec" : 0.3892131024096385,
    "sentKBytesPerSec" : 0.3736822289156626
  },
  "get next quiz question" : {
    "transaction" : "get next quiz question",
    "sampleCount" : 3000,
    "errorCount" : 0,
    "errorPct" : 0.0,
    "meanResTime" : 2.3650000000000024,
    "minResTime" : 0.0,
    "maxResTime" : 51.0,
    "pct1ResTime" : 4.0,
    "pct2ResTime" : 6.0,
    "pct3ResTime" : 15.0,
    "throughput" : 276.8549280177187,
    "receivedKBytesPerSec" : 158.21826550387595,
    "sentKBytesPerSec" : 212.77815268549278
  },
  "Submit answer" : {
    "transaction" : "Submit answer",
    "sampleCount" : 3454,
    "errorCount" : 0,
    "errorPct" : 0.0,
    "meanResTime" : 21.937174290677483,
    "minResTime" : 8.0,
    "maxResTime" : 283.0,
    "pct1ResTime" : 29.0,
    "pct2ResTime" : 40.0,
    "pct3ResTime" : 121.44999999999982,
    "throughput" : 318.54652771373236,
    "receivedKBytesPerSec" : 65.32692462879277,
    "sentKBytesPerSec" : 309.6517302349442
  },
  "Login as student" : {
    "transaction" : "Login as student",
    "sampleCount" : 600,
    "errorCount" : 0,
    "errorPct" : 0.0,
    "meanResTime" : 2507.755000000002,
    "minResTime" : 272.0,
    "maxResTime" : 7563.0,
    "pct1ResTime" : 5546.8,
    "pct2ResTime" : 6366.999999999998,
    "pct3ResTime" : 6702.84,
    "throughput" : 36.094567767550984,
    "receivedKBytesPerSec" : 54.645142930728504,
    "sentKBytesPerSec" : 5.2872902003248505
  },
  "Conclude quiz" : {
    "transaction" : "Conclude quiz",
    "sampleCount" : 600,
    "errorCount" : 0,
    "errorPct" : 0.0,
    "meanResTime" : 35.49333333333335,
    "minResTime" : 15.0,
    "maxResTime" : 274.0,
    "pct1ResTime" : 54.0,
    "pct2ResTime" : 75.94999999999993,
    "pct3ResTime" : 150.87000000000012,
    "throughput" : 56.53443889569396,
    "receivedKBytesPerSec" : 24.568188777913882,
    "sentKBytesPerSec" : 80.55053354376709
  },
  "Login as teacher" : {
    "transaction" : "Login as teacher",
    "sampleCount" : 2,
    "errorCount" : 0,
    "errorPct" : 0.0,
    "meanResTime" : 217.5,
    "minResTime" : 207.0,
    "maxResTime" : 228.0,
    "pct1ResTime" : 228.0,
    "pct2ResTime" : 228.0,
    "pct3ResTime" : 228.0,
    "throughput" : 0.14534883720930233,
    "receivedKBytesPerSec" : 0.2058871956758721,
    "sentKBytesPerSec" : 0.019162200218023256
  },
  "Start quiz by qrcode" : {
    "transaction" : "Start quiz by qrcode",
    "sampleCount" : 600,
    "errorCount" : 0,
    "errorPct" : 0.0,
    "meanResTime" : 3.3916666666666684,
    "minResTime" : 1.0,
    "maxResTime" : 42.0,
    "pct1ResTime" : 6.0,
    "pct2ResTime" : 11.0,
    "pct3ResTime" : 26.99000000000001,
    "throughput" : 55.57613931085587,
    "receivedKBytesPerSec" : 169.49637018340127,
    "sentKBytesPerSec" : 42.06201949796221
  },
  "Create question" : {
    "transaction" : "Create question",
    "sampleCount" : 5,
    "errorCount" : 0,
    "errorPct" : 0.0,
    "meanResTime" : 39.0,
    "minResTime" : 16.0,
    "maxResTime" : 91.0,
    "pct1ResTime" : 91.0,
    "pct2ResTime" : 91.0,
    "pct3ResTime" : 91.0,
    "throughput" : 25.510204081632654,
    "receivedKBytesPerSec" : 26.232661033163264,
    "sentKBytesPerSec" : 31.464245854591834
  },
  "Total" : {
    "transaction" : "Total",
    "sampleCount" : 11865,
    "errorCount" : 0,
    "errorPct" : 0.0,
    "meanResTime" : 136.30257058575668,
    "minResTime" : 0.0,
    "maxResTime" : 7563.0,
    "pct1ResTime" : 31.0,
    "pct2ResTime" : 575.9999999999891,
    "pct3ResTime" : 4352.34,
    "throughput" : 373.0193661971831,
    "receivedKBytesPerSec" : 171.05787188954037,
    "sentKBytesPerSec" : 222.26845570493273
  },
  "Generate number of times a student answers to a question" : {
    "transaction" : "Generate number of times a student answers to a question",
    "sampleCount" : 3000,
    "errorCount" : 0,
    "errorPct" : 0.0,
    "meanResTime" : 0.5943333333333336,
    "minResTime" : 0.0,
    "maxResTime" : 19.0,
    "pct1ResTime" : 1.0,
    "pct2ResTime" : 1.0,
    "pct3ResTime" : 4.0,
    "throughput" : 276.9827347428677,
    "receivedKBytesPerSec" : 0.0,
    "sentKBytesPerSec" : 0.0
  },
  "Create quiz" : {
    "transaction" : "Create quiz",
    "sampleCount" : 1,
    "errorCount" : 0,
    "errorPct" : 0.0,
    "meanResTime" : 40.0,
    "minResTime" : 40.0,
    "maxResTime" : 40.0,
    "pct1ResTime" : 40.0,
    "pct2ResTime" : 40.0,
    "pct3ResTime" : 40.0,
    "throughput" : 25.0,
    "receivedKBytesPerSec" : 92.9931640625,
    "sentKBytesPerSec" : 27.197265625
  },
  "Calculate Port Number" : {
    "transaction" : "Calculate Port Number",
    "sampleCount" : 600,
    "errorCount" : 0,
    "errorPct" : 0.0,
    "meanResTime" : 0.663333333333333,
    "minResTime" : 0.0,
    "maxResTime" : 9.0,
    "pct1ResTime" : 1.0,
    "pct2ResTime" : 1.0,
    "pct3ResTime" : 5.0,
    "throughput" : 55.56584552694944,
    "receivedKBytesPerSec" : 0.0,
    "sentKBytesPerSec" : 0.0
  }
}