{
  "Get list of questions" : {
    "transaction" : "Get list of questions",
    "sampleCount" : 1,
    "errorCount" : 0,
    "errorPct" : 0.0,
    "meanResTime" : 47.0,
    "minResTime" : 47.0,
    "maxResTime" : 47.0,
    "pct1ResTime" : 47.0,
    "pct2ResTime" : 47.0,
    "pct3ResTime" : 47.0,
    "throughput" : 21.27659574468085,
    "receivedKBytesPerSec" : 326.25498670212767,
    "sentKBytesPerSec" : 16.14444813829787
  },
  "Write quiz answers" : {
    "transaction" : "Write quiz answers",
    "sampleCount" : 1,
    "errorCount" : 0,
    "errorPct" : 0.0,
    "meanResTime" : 14187.0,
    "minResTime" : 14187.0,
    "maxResTime" : 14187.0,
    "pct1ResTime" : 14187.0,
    "pct2ResTime" : 14187.0,
    "pct3ResTime" : 14187.0,
    "throughput" : 0.0704870656234581,
    "receivedKBytesPerSec" : 0.026983329808980053,
    "sentKBytesPerSec" : 0.054723844893212095
  },
  "Populate quiz" : {
    "transaction" : "Populate quiz",
    "sampleCount" : 1,
    "errorCount" : 0,
    "errorPct" : 0.0,
    "meanResTime" : 3752.0,
    "minResTime" : 3752.0,
    "maxResTime" : 3752.0,
    "pct1ResTime" : 3752.0,
    "pct2ResTime" : 3752.0,
    "pct3ResTime" : 3752.0,
    "throughput" : 0.26652452025586354,
    "receivedKBytesPerSec" : 0.21108533781982944,
    "sentKBytesPerSec" : 0.20770172574626866
  },
  "Submit answer" : {
    "transaction" : "Submit answer",
    "sampleCount" : 6907,
    "errorCount" : 0,
    "errorPct" : 0.0,
    "meanResTime" : 20.33458809902995,
    "minResTime" : 8.0,
    "maxResTime" : 221.0,
    "pct1ResTime" : 25.0,
    "pct2ResTime" : 34.0,
    "pct3ResTime" : 117.0,
    "throughput" : 457.2658060244952,
    "receivedKBytesPerSec" : 54.03238528219133,
    "sentKBytesPerSec" : 446.54863869579606
  },
  "Login as student" : {
    "transaction" : "Login as student",
    "sampleCount" : 1200,
    "errorCount" : 0,
    "errorPct" : 0.0,
    "meanResTime" : 15737.953333333342,
    "minResTime" : 156.0,
    "maxResTime" : 51790.0,
    "pct1ResTime" : 42194.90000000003,
    "pct2ResTime" : 47454.75,
    "pct3ResTime" : 51646.89,
    "throughput" : 17.289571506786157,
    "receivedKBytesPerSec" : 26.248532750230524,
    "sentKBytesPerSec" : 2.532652076189378
  },
  "Conclude quiz" : {
    "transaction" : "Conclude quiz",
    "sampleCount" : 1200,
    "errorCount" : 0,
    "errorPct" : 0.0,
    "meanResTime" : 33.20416666666666,
    "minResTime" : 16.0,
    "maxResTime" : 369.0,
    "pct1ResTime" : 46.90000000000009,
    "pct2ResTime" : 62.950000000000045,
    "pct3ResTime" : 179.96000000000004,
    "throughput" : 80.68311705775567,
    "receivedKBytesPerSec" : 35.06248739326296,
    "sentKBytesPerSec" : 116.6911097290392
  },
  "Login as teacher" : {
    "transaction" : "Login as teacher",
    "sampleCount" : 2,
    "errorCount" : 0,
    "errorPct" : 0.0,
    "meanResTime" : 495.5,
    "minResTime" : 465.0,
    "maxResTime" : 526.0,
    "pct1ResTime" : 526.0,
    "pct2ResTime" : 526.0,
    "pct3ResTime" : 526.0,
    "throughput" : 0.09817878356487163,
    "receivedKBytesPerSec" : 0.13988559103627707,
    "sentKBytesPerSec" : 0.012943491973884445
  },
  "Start quiz by qrcode" : {
    "transaction" : "Start quiz by qrcode",
    "sampleCount" : 1200,
    "errorCount" : 0,
    "errorPct" : 0.0,
    "meanResTime" : 2.372499999999996,
    "minResTime" : 1.0,
    "maxResTime" : 44.0,
    "pct1ResTime" : 4.0,
    "pct2ResTime" : 5.0,
    "pct3ResTime" : 19.99000000000001,
    "throughput" : 79.73421926910298,
    "receivedKBytesPerSec" : 215.37583056478405,
    "sentKBytesPerSec" : 60.57931893687707
  },
  "Create question" : {
    "transaction" : "Create question",
    "sampleCount" : 5,
    "errorCount" : 0,
    "errorPct" : 0.0,
    "meanResTime" : 61.0,
    "minResTime" : 24.0,
    "maxResTime" : 126.0,
    "pct1ResTime" : 126.0,
    "pct2ResTime" : 126.0,
    "pct3ResTime" : 126.0,
    "throughput" : 16.233766233766232,
    "receivedKBytesPerSec" : 16.772778003246753,
    "sentKBytesPerSec" : 20.07026176948052
  },
  "Total" : {
    "transaction" : "Total",
    "sampleCount" : 17718,
    "errorCount" : 0,
    "errorPct" : 0.0,
    "meanResTime" : 1077.5475222937152,
    "minResTime" : 0.0,
    "maxResTime" : 51790.0,
    "pct1ResTime" : 35.0,
    "pct2ResTime" : 1767.2999999999956,
    "pct3ResTime" : 37058.14000000012,
    "throughput" : 170.4129035981187,
    "receivedKBytesPerSec" : 61.836005878442066,
    "sentKBytesPerSec" : 92.12212344668224
  },
  "Generate number of times a student answers to a question" : {
    "transaction" : "Generate number of times a student answers to a question",
    "sampleCount" : 6000,
    "errorCount" : 0,
    "errorPct" : 0.0,
    "meanResTime" : 0.5458333333333335,
    "minResTime" : 0.0,
    "maxResTime" : 32.0,
    "pct1ResTime" : 1.0,
    "pct2ResTime" : 1.0,
    "pct3ResTime" : 3.0,
    "throughput" : 397.561622051418,
    "receivedKBytesPerSec" : 0.0,
    "sentKBytesPerSec" : 0.0
  },
  "Create quiz" : {
    "transaction" : "Create quiz",
    "sampleCount" : 1,
    "errorCount" : 0,
    "errorPct" : 0.0,
    "meanResTime" : 42.0,
    "minResTime" : 42.0,
    "maxResTime" : 42.0,
    "pct1ResTime" : 42.0,
    "pct2ResTime" : 42.0,
    "pct3ResTime" : 42.0,
    "throughput" : 23.809523809523807,
    "receivedKBytesPerSec" : 89.79724702380952,
    "sentKBytesPerSec" : 26.320684523809522
  },
  "Calculate Port Number" : {
    "transaction" : "Calculate Port Number",
    "sampleCount" : 1200,
    "errorCount" : 0,
    "errorPct" : 0.0,
    "meanResTime" : 0.5841666666666671,
    "minResTime" : 0.0,
    "maxResTime" : 18.0,
    "pct1ResTime" : 1.0,
    "pct2ResTime" : 1.0,
    "pct3ResTime" : 3.0,
    "throughput" : 79.72362476747276,
    "receivedKBytesPerSec" : 0.0,
    "sentKBytesPerSec" : 0.0
  }
}