{
  "Get list of questions" : {
    "transaction" : "Get list of questions",
    "sampleCount" : 1,
    "errorCount" : 0,
    "errorPct" : 0.0,
    "meanResTime" : 31.0,
    "minResTime" : 31.0,
    "maxResTime" : 31.0,
    "pct1ResTime" : 31.0,
    "pct2ResTime" : 31.0,
    "pct3ResTime" : 31.0,
    "throughput" : 32.25806451612903,
    "receivedKBytesPerSec" : 204.5110887096774,
    "sentKBytesPerSec" : 24.382560483870968
  },
  "Write quiz answers" : {
    "transaction" : "Write quiz answers",
    "sampleCount" : 1,
    "errorCount" : 0,
    "errorPct" : 0.0,
    "meanResTime" : 1375.0,
    "minResTime" : 1375.0,
    "maxResTime" : 1375.0,
    "pct1ResTime" : 1375.0,
    "pct2ResTime" : 1375.0,
    "pct3ResTime" : 1375.0,
    "throughput" : 0.7272727272727272,
    "receivedKBytesPerSec" : 0.2784090909090909,
    "sentKBytesPerSec" : 0.5617897727272727
  },
  "Populate quiz" : {
    "transaction" : "Populate quiz",
    "sampleCount" : 1,
    "errorCount" : 0,
    "errorPct" : 0.0,
    "meanResTime" : 3894.0,
    "minResTime" : 3894.0,
    "maxResTime" : 3894.0,
    "pct1ResTime" : 3894.0,
    "pct2ResTime" : 3894.0,
    "pct3ResTime" : 3894.0,
    "throughput" : 0.2568053415511043,
    "receivedKBytesPerSec" : 0.2076511941448382,
    "sentKBytesPerSec" : 0.1991244542886492
  },
  "get next quiz question" : {
    "transaction" : "get next quiz question",
    "sampleCount" : 6000,
    "errorCount" : 0,
    "errorPct" : 0.0,
    "meanResTime" : 1.7365000000000008,
    "minResTime" : 0.0,
    "maxResTime" : 87.0,
    "pct1ResTime" : 3.0,
    "pct2ResTime" : 4.0,
    "pct3ResTime" : 10.0,
    "throughput" : 349.87462825820745,
    "receivedKBytesPerSec" : 202.6129439034346,
    "sentKBytesPerSec" : 268.8977855851653
  },
  "Submit answer" : {
    "transaction" : "Submit answer",
    "sampleCount" : 6924,
    "errorCount" : 0,
    "errorPct" : 0.0,
    "meanResTime" : 20.462305025996642,
    "minResTime" : 8.0,
    "maxResTime" : 298.0,
    "pct1ResTime" : 24.0,
    "pct2ResTime" : 35.75,
    "pct3ResTime" : 121.5,
    "throughput" : 403.23801758779337,
    "receivedKBytesPerSec" : 82.6952965756217,
    "sentKBytesPerSec" : 392.6057651709277
  },
  "Login as student" : {
    "transaction" : "Login as student",
    "sampleCount" : 1200,
    "errorCount" : 0,
    "errorPct" : 0.0,
    "meanResTime" : 15707.124166666677,
    "minResTime" : 247.0,
    "maxResTime" : 54863.0,
    "pct1ResTime" : 40783.000000000015,
    "pct2ResTime" : 46231.35,
    "pct3ResTime" : 50465.89,
    "throughput" : 17.690243830527464,
    "receivedKBytesPerSec" : 26.786164686035026,
    "sentKBytesPerSec" : 2.5913443111124215
  },
  "Conclude quiz" : {
    "transaction" : "Conclude quiz",
    "sampleCount" : 1200,
    "errorCount" : 0,
    "errorPct" : 0.0,
    "meanResTime" : 29.176666666666684,
    "minResTime" : 15.0,
    "maxResTime" : 291.0,
    "pct1ResTime" : 40.0,
    "pct2ResTime" : 50.950000000000045,
    "pct3ResTime" : 87.96000000000004,
    "throughput" : 70.90522335145354,
    "receivedKBytesPerSec" : 30.81330506972347,
    "sentKBytesPerSec" : 101.58004165681872
  },
  "Login as teacher" : {
    "transaction" : "Login as teacher",
    "sampleCount" : 2,
    "errorCount" : 0,
    "errorPct" : 0.0,
    "meanResTime" : 549.5,
    "minResTime" : 542.0,
    "maxResTime" : 557.0,
    "pct1ResTime" : 557.0,
    "pct2ResTime" : 557.0,
    "pct3ResTime" : 557.0,
    "throughput" : 0.08858965272856131,
    "receivedKBytesPerSec" : 0.12557410247608078,
    "sentKBytesPerSec" : 0.011679299920269313
  },
  "Start quiz by qrcode" : {
    "transaction" : "Start quiz by qrcode",
    "sampleCount" : 1200,
    "errorCount" : 0,
    "errorPct" : 0.0,
    "meanResTime" : 2.407500000000001,
    "minResTime" : 0.0,
    "maxResTime" : 94.0,
    "pct1ResTime" : 4.0,
    "pct2ResTime" : 6.0,
    "pct3ResTime" : 20.99000000000001,
    "throughput" : 71.23775601068566,
    "receivedKBytesPerSec" : 219.97439893143368,
    "sentKBytesPerSec" : 53.91529385574355
  },
  "Create question" : {
    "transaction" : "Create question",
    "sampleCount" : 5,
    "errorCount" : 0,
    "errorPct" : 0.0,
    "meanResTime" : 42.0,
    "minResTime" : 17.0,
    "maxResTime" : 105.0,
    "pct1ResTime" : 105.0,
    "pct2ResTime" : 105.0,
    "pct3ResTime" : 105.0,
    "throughput" : 23.809523809523807,
    "receivedKBytesPerSec" : 24.483816964285715,
    "sentKBytesPerSec" : 29.366629464285715
  },
  "Total" : {
    "transaction" : "Total",
    "sampleCount" : 23735,
    "errorCount" : 0,
    "errorPct" : 0.0,
    "meanResTime" : 802.5606066989685,
    "minResTime" : 0.0,
    "maxResTime" : 54863.0,
    "pct1ResTime" : 20.0,
    "pct2ResTime" : 24.0,
    "pct3ResTime" : 49.0,
    "throughput" : 258.5765488991296,
    "receivedKBytesPerSec" : 119.37779975365233,
    "sentKBytesPerSec" : 154.32579174428867
  },
  "Generate number of times a student answers to a question" : {
    "transaction" : "Generate number of times a student answers to a question",
    "sampleCount" : 6000,
    "errorCount" : 0,
    "errorPct" : 0.0,
    "meanResTime" : 0.47899999999999693,
    "minResTime" : 0.0,
    "maxResTime" : 35.0,
    "pct1ResTime" : 1.0,
    "pct2ResTime" : 1.0,
    "pct3ResTime" : 3.0,
    "throughput" : 349.95625546806644,
    "receivedKBytesPerSec" : 0.0,
    "sentKBytesPerSec" : 0.0
  },
  "Create quiz" : {
    "transaction" : "Create quiz",
    "sampleCount" : 1,
    "errorCount" : 0,
    "errorPct" : 0.0,
    "meanResTime" : 44.0,
    "minResTime" : 44.0,
    "maxResTime" : 44.0,
    "pct1ResTime" : 44.0,
    "pct2ResTime" : 44.0,
    "pct3ResTime" : 44.0,
    "throughput" : 22.727272727272727,
    "receivedKBytesPerSec" : 85.53799715909092,
    "sentKBytesPerSec" : 24.946732954545457
  },
  "Calculate Port Number" : {
    "transaction" : "Calculate Port Number",
    "sampleCount" : 1200,
    "errorCount" : 0,
    "errorPct" : 0.0,
    "meanResTime" : 0.5825000000000008,
    "minResTime" : 0.0,
    "maxResTime" : 35.0,
    "pct1ResTime" : 1.0,
    "pct2ResTime" : 1.0,
    "pct3ResTime" : 6.0,
    "throughput" : 71.22929898498249,
    "receivedKBytesPerSec" : 0.0,
    "sentKBytesPerSec" : 0.0
  }
}