{
  "Get list of questions" : {
    "transaction" : "Get list of questions",
    "sampleCount" : 1,
    "errorCount" : 0,
    "errorPct" : 0.0,
    "meanResTime" : 56.0,
    "minResTime" : 56.0,
    "maxResTime" : 56.0,
    "pct1ResTime" : 56.0,
    "pct2ResTime" : 56.0,
    "pct3ResTime" : 56.0,
    "throughput" : 17.857142857142858,
    "receivedKBytesPerSec" : 273.7339564732143,
    "sentKBytesPerSec" : 13.5498046875
  },
  "Write quiz answers" : {
    "transaction" : "Write quiz answers",
    "sampleCount" : 1,
    "errorCount" : 0,
    "errorPct" : 0.0,
    "meanResTime" : 8408.0,
    "minResTime" : 8408.0,
    "maxResTime" : 8408.0,
    "pct1ResTime" : 8408.0,
    "pct2ResTime" : 8408.0,
    "pct3ResTime" : 8408.0,
    "throughput" : 0.11893434823977166,
    "receivedKBytesPerSec" : 0.045529555185537585,
    "sentKBytesPerSec" : 0.0923367254400571
  },
  "Login as teacher" : {
    "transaction" : "Login as teacher",
    "sampleCount" : 2,
    "errorCount" : 0,
    "errorPct" : 0.0,
    "meanResTime" : 391.5,
    "minResTime" : 387.0,
    "maxResTime" : 396.0,
    "pct1ResTime" : 396.0,
    "pct2ResTime" : 396.0,
    "pct3ResTime" : 396.0,
    "throughput" : 0.10305559849538827,
    "receivedKBytesPerSec" : 0.1467334595764415,
    "sentKBytesPerSec" : 0.013385150976451796
  },
  "Start quiz by qrcode" : {
    "transaction" : "Start quiz by qrcode",
    "sampleCount" : 900,
    "errorCount" : 0,
    "errorPct" : 0.0,
    "meanResTime" : 86.61555555555563,
    "minResTime" : 27.0,
    "maxResTime" : 544.0,
    "pct1ResTime" : 177.89999999999998,
    "pct2ResTime" : 271.89999999999986,
    "pct3ResTime" : 412.96000000000004,
    "throughput" : 56.06428704914969,
    "receivedKBytesPerSec" : 166.82410413941318,
    "sentKBytesPerSec" : 42.70521865071949
  },
  "Create question" : {
    "transaction" : "Create question",
    "sampleCount" : 5,
    "errorCount" : 0,
    "errorPct" : 0.0,
    "meanResTime" : 48.8,
    "minResTime" : 25.0,
    "maxResTime" : 114.0,
    "pct1ResTime" : 114.0,
    "pct2ResTime" : 114.0,
    "pct3ResTime" : 114.0,
    "throughput" : 20.408163265306122,
    "receivedKBytesPerSec" : 21.065848214285715,
    "sentKBytesPerSec" : 25.231186224489797
  },
  "Total" : {
    "transaction" : "Total",
    "sampleCount" : 12330,
    "errorCount" : 0,
    "errorPct" : 0.0,
    "meanResTime" : 795.4217356042147,
    "minResTime" : 0.0,
    "maxResTime" : 30753.0,
    "pct1ResTime" : 154.0,
    "pct2ResTime" : 4194.849999999986,
    "pct3ResTime" : 22203.560000000012,
    "throughput" : 187.29493255559606,
    "receivedKBytesPerSec" : 97.56923281041136,
    "sentKBytesPerSec" : 108.24773725638748
  },
  "Populate quiz" : {
    "transaction" : "Populate quiz",
    "sampleCount" : 1,
    "errorCount" : 0,
    "errorPct" : 0.0,
    "meanResTime" : 2015.0,
    "minResTime" : 2015.0,
    "maxResTime" : 2015.0,
    "pct1ResTime" : 2015.0,
    "pct2ResTime" : 2015.0,
    "pct3ResTime" : 2015.0,
    "throughput" : 0.49627791563275436,
    "receivedKBytesPerSec" : 0.3925635856079404,
    "sentKBytesPerSec" : 0.38674782878411906
  },
  "Generate number of times a student answers to a question" : {
    "transaction" : "Generate number of times a student answers to a question",
    "sampleCount" : 4500,
    "errorCount" : 0,
    "errorPct" : 0.0,
    "meanResTime" : 0.5795555555555573,
    "minResTime" : 0.0,
    "maxResTime" : 43.0,
    "pct1ResTime" : 1.0,
    "pct2ResTime" : 1.0,
    "pct3ResTime" : 3.0,
    "throughput" : 279.4510339688257,
    "receivedKBytesPerSec" : 0.0,
    "sentKBytesPerSec" : 0.0
  },
  "Create quiz" : {
    "transaction" : "Create quiz",
    "sampleCount" : 1,
    "errorCount" : 0,
    "errorPct" : 0.0,
    "meanResTime" : 37.0,
    "minResTime" : 37.0,
    "maxResTime" : 37.0,
    "pct1ResTime" : 37.0,
    "pct2ResTime" : 37.0,
    "pct3ResTime" : 37.0,
    "throughput" : 27.027027027027028,
    "receivedKBytesPerSec" : 101.80004222972974,
    "sentKBytesPerSec" : 29.74556587837838
  },
  "Submit answer" : {
    "transaction" : "Submit answer",
    "sampleCount" : 5119,
    "errorCount" : 0,
    "errorPct" : 0.0,
    "meanResTime" : 47.37058019144372,
    "minResTime" : 12.0,
    "maxResTime" : 427.0,
    "pct1ResTime" : 82.0,
    "pct2ResTime" : 121.0,
    "pct3ResTime" : 244.80000000000018,
    "throughput" : 317.7529484792055,
    "receivedKBytesPerSec" : 121.63980058969585,
    "sentKBytesPerSec" : 310.3056137492241
  },
  "Login as student" : {
    "transaction" : "Login as student",
    "sampleCount" : 900,
    "errorCount" : 0,
    "errorPct" : 0.0,
    "meanResTime" : 10466.293333333333,
    "minResTime" : 221.0,
    "maxResTime" : 30753.0,
    "pct1ResTime" : 24075.2,
    "pct2ResTime" : 26871.95,
    "pct3ResTime" : 28881.87,
    "throughput" : 23.67735655468154,
    "receivedKBytesPerSec" : 35.940690893754436,
    "sentKBytesPerSec" : 3.422117939543816
  },
  "Conclude quiz" : {
    "transaction" : "Conclude quiz",
    "sampleCount" : 900,
    "errorCount" : 0,
    "errorPct" : 0.0,
    "meanResTime" : 59.2122222222222,
    "minResTime" : 15.0,
    "maxResTime" : 513.0,
    "pct1ResTime" : 103.79999999999995,
    "pct2ResTime" : 175.0,
    "pct3ResTime" : 348.84000000000015,
    "throughput" : 57.01615457713019,
    "receivedKBytesPerSec" : 24.77752811213177,
    "sentKBytesPerSec" : 82.4618407507127
  }
}